=~=~=~=~=~=~=~=~=~=~=~= PuTTY log 2026.06.15 16:34:15 =~=~=~=~=~=~=~=~=~=~=~=
ESP-ROM:esp32s3-20210327

=== EVO200 CAN CHANGE LOGGER ===
CAN Started
ID:0x101 [3] 00 10 01 
ID:0x110 [8] 00 00 00 00 00 00 00 00 
ID:0x10F [8] 11 00 00 00 00 00 00 00 
ID:0x189 [2] 10 00 
ID:0x110 [8] 30 00 00 00 00 00 00 00 
ID:0x303 [8] 01 00 00 00 00 00 04 01 
ID:0x315 [8] 00 00 00 00 00 00 00 00 
ID:0x101 [3] 00 10 00 
ID:0x30E [8] 8D 0F 8C 17 8D 17 00 00 
ID:0x317 [8] 00 00 00 00 00 00 00 00 
ID:0x306 [8] 00 00 00 00 00 00 00 00 
ID:0x10F [8] 12 00 00 00 00 00 00 00 
ID:0x309 [8] 00 01 8D 5F 00 00 00 00 
ID:0x322 [8] 30 2E 00 00 00 00 00 00 
ID:0x326 [8] 00 00 00 00 00 00 01 00 
ID:0x310 [8] 00 1E 80 7A 07 80 98 02 
ID:0x128 [8] 00 00 00 00 00 00 00 00 
ID:0x311 [8] 80 8E 80 98 80 8E 80 8E 
ID:0x305 [8] 00 00 00 00 00 00 00 00 
ID:0x312 [8] 80 84 80 84 80 7A 80 84 
ID:0x006 [3] 02 01 30 
ID:0x002 [8] 06 10 0D 31 00 23 00 01 
ID:0x006 [4] 02 30 02 01 
ID:0x002 [8] 06 21 3C A0 10 63 AC 53 
ID:0x002 [4] 06 22 0A CB 
ID:0x006 [3] 02 01 32 
ID:0x002 [8] 06 10 31 33 2A 62 97 B1 
ID:0x006 [4] 02 30 08 01 
ID:0x002 [8] 06 21 F4 E1 24 8E E0 07 
ID:0x002 [8] 06 22 A1 42 31 CE 1C D1 
ID:0x002 [8] 06 23 36 D3 E7 A5 B1 5E 
ID:0x002 [8] 06 24 C7 37 D1 56 06 99 
ID:0x002 [8] 06 25 EF 8A 7D 8E BF 13 
ID:0x002 [8] 06 26 F0 BA 00 FA C8 53 
ID:0x002 [8] 06 27 5E 70 6A 0D 48 F8 
ID:0x002 [4] 06 28 3E 08 
ID:0x313 [8] 80 7A 80 7A 80 84 80 84 
ID:0x002 [8] 06 10 13 34 98 A3 B6 89 
ID:0x006 [4] 02 30 03 01 
ID:0x002 [8] 06 21 74 39 A8 67 D9 E8 
ID:0x002 [8] 06 22 FE 11 47 FA EC E5 
ID:0x002 [4] 06 23 A1 B1 
ID:0x300 [8] 03 52 E1 A1 04 F7 D4 68 
ID:0x314 [8] 80 8E 80 8E 80 84 80 84 
ID:0x303 [8] 12 00 00 00 00 00 04 01 
ID:0x30E [8] 8D 0C 8C 10 8D 17 00 00 
ID:0x31A [8] 80 7A 80 84 80 8E 80 8E 
ID:0x31B [8] 80 84 80 84 00 00 00 00 
ID:0x301 [8] 92 18 03 52 00 FA 64 00 
ID:0x309 [8] 00 01 8D 60 00 00 FF FF 
ID:0x30D [8] 00 00 00 00 00 00 00 00 
ID:0x316 [8] 00 00 00 00 00 00 00 00 
ID:0x307 [8] 00 00 00 00 00 00 00 00 
ID:0x308 [8] 00 00 00 00 00 00 00 00 
ID:0x318 [8] 00 00 00 00 00 00 00 00 
ID:0x33F [8] 12 11 01 51 00 00 04 57 
ID:0x303 [8] 13 00 00 00 00 00 04 01 
ID:0x341 [8] 23 00 25 44 00 64 00 00 
ID:0x343 [8] E1 A1 F0 C4 FF FF 00 00 
ID:0x309 [8] 00 01 8D 61 00 00 FF FF 
ID:0x30A [8] 75 4C 41 62 00 DB 00 64 
ID:0x303 [8] 14 00 00 00 00 00 04 01 
ID:0x30E [8] 8D 0F 8C 0E 8D 19 00 00 
ID:0x30C [8] 00 00 00 00 00 00 00 00 
ID:0x320 [8] 00 20 02 24 03 00 00 00 
ID:0x310 [8] 00 1E 80 7A 06 80 98 0D 
ID:0x311 [8] 80 8E 80 8E 80 8E 80 8E 
ID:0x321 [8] 20 20 24 20 00 00 00 00 
ID:0x303 [8] 15 00 00 00 00 00 04 01 
ID:0x312 [8] 80 84 80 7A 80 7A 80 7A 
ID:0x313 [8] 80 84 80 7A 80 84 80 7A 
ID:0x309 [8] 00 01 8D 61 00 00 00 00 
ID:0x314 [8] 80 98 80 84 80 84 80 8E 
ID:0x31A [8] 80 84 80 8E 80 8E 80 84 
ID:0x31B [8] 80 8E 80 8E 00 00 00 00 
ID:0x30B [8] 00 00 23 96 00 00 23 72 
ID:0x303 [8] 16 00 00 00 00 00 04 01 
ID:0x30E [8] 8D 10 8C 0D 8D 19 00 00 
ID:0x006 [8] 02 10 12 35 1B DE 03 E1 
ID:0x002 [4] 06 30 00 01 
ID:0x006 [8] 02 21 7D CB 4D ED 7C F3 
ID:0x340 [8] 2A 06 11 5F 00 CD 00 00 
ID:0x006 [8] 02 22 DC BC 1A F0 01 2B 
ID:0x006 [3] 02 23 04 
ID:0x002 [8] 06 10 12 36 52 FA 02 A8 
ID:0x006 [4] 02 30 03 01 
ID:0x002 [8] 06 21 34 69 1C F3 BE 5D 
ID:0x002 [8] 06 22 CC 34 4C 49 F2 D2 
ID:0x002 [3] 06 23 07 
ID:0x002 [8] 06 10 09 37 C2 87 68 BA 
ID:0x006 [4] 02 30 01 01 
ID:0x002 [6] 06 21 AA 24 CC 5B 
ID:0x006 [4] 02 02 38 01 
ID:0x10F [8] 10 00 00 00 00 00 00 00 
ID:0x10C [8] 20 00 00 70 32 00 00 00 
ID:0x342 [8] FF FF BC E2 00 00 B7 C0 
ID:0x303 [8] 17 00 00 00 00 00 04 01 
ID:0x309 [8] 00 01 8D 60 00 00 00 00 
ID:0x110 [8] 30 00 00 01 00 00 00 00 
ID:0x304 [8] 00 00 00 00 00 00 00 00 
ID:0x30C [8] 00 00 00 00 00 00 00 00 
ID:0x303 [8] 18 30 00 00 00 00 04 01 
ID:0x30E [8] 8D 0F 8C 0B 8D 19 00 00 
ID:0x310 [8] 00 14 80 7A 07 80 8E 04 
ID:0x311 [8] 80 84 80 84 80 84 80 8E 
ID:0x10F [8] 11 00 00 00 00 00 00 00 
ID:0x10C [8] 20 00 00 70 32 00 00 00 
ID:0x309 [8] 11 01 8D 62 00 00 00 00 
ID:0x312 [8] 80 84 80 84 80 7A 80 84 
ID:0x313 [8] 80 84 80 84 80 8E 80 84 
ID:0x110 [8] 30 00 00 01 00 00 00 00 
ID:0x101 [3] 11 10 01 
ID:0x314 [8] 80 8E 80 8E 80 8E 80 84 
ID:0x31A [8] 80 7A 80 8E 80 8E 80 8E 
ID:0x301 [8] 92 18 03 52 00 FA 64 00 
ID:0x303 [8] 19 30 00 00 00 00 04 01 
ID:0x10F [8] 12 00 00 00 00 00 00 00 
ID:0x303 [8] 1A 30 00 00 00 00 04 01 
ID:0x30E [8] 8D 13 8C 2B 8D 18 00 00 
ID:0x309 [8] 11 01 8D 5E 00 00 FF FC 
ID:0x206 [4] 00 00 00 00 
ID:0x30C [8] 00 00 00 00 00 00 00 00 
ID:0x303 [8] 1B 30 00 00 00 00 04 01 
ID:0x100 [8] 10 00 11 1A 00 00 00 00 
ID:0x310 [8] 00 14 80 7A 08 80 8E 04 
ID:0x110 [8] 30 00 00 01 00 00 00 00 
ID:0x10F [8] 13 00 00 00 00 00 00 00 
ID:0x10C [8] 20 00 00 70 32 00 00 00 
ID:0x312 [8] 80 84 80 84 80 84 80 7A 
ID:0x313 [8] 80 84 80 84 80 7A 80 84 
ID:0x300 [8] 03 52 E1 A1 04 F7 D4 68 
ID:0x101 [3] 11 10 01 
ID:0x303 [8] 1C 30 00 00 00 00 04 01 
ID:0x30E [8] 8D 14 8C 46 8D 14 00 00 
ID:0x31A [8] 80 7A 80 84 80 84 80 84 
ID:0x31B [8] 80 84 80 84 00 00 00 00 
ID:0x309 [8] 11 01 8D 5E FF FF FF FD 
ID:0x202 [6] 00 00 00 00 00 00 
ID:0x303 [8] 1D 30 00 00 00 00 04 01 
ID:0x10F [8] 14 00 00 00 00 00 00 00 
ID:0x309 [8] 11 01 8D 5D FF FF FF FE 
ID:0x303 [8] 1E 30 00 00 00 00 04 01 
ID:0x30E [8] 8D 17 8C 62 8D 14 00 00 
ID:0x30C [8] 00 00 00 00 00 00 00 00 
ID:0x310 [8] 00 1E 80 70 07 80 8E 01 
ID:0x311 [8] 80 8E 80 84 80 84 80 84 
ID:0x10F [8] 15 00 00 00 00 00 00 00 
ID:0x10C [8] 20 00 00 70 32 00 00 00 
ID:0x303 [8] 1F 30 00 00 00 00 04 01 
ID:0x312 [8] 80 84 80 7A 80 70 80 7A 
ID:0x313 [8] 80 84 80 7A 80 7A 80 7A 
ID:0x309 [8] 11 01 8D 5B FF FF FF FD 
ID:0x314 [8] 80 8E 80 84 80 84 80 7A 
ID:0x31A [8] 80 7A 80 84 80 8E 80 84 
ID:0x110 [8] 30 00 00 01 00 00 00 00 
ID:0x301 [8] 92 18 03 52 00 FA 64 00 
ID:0x303 [8] 10 30 00 00 00 00 04 01 
ID:0x30E [8] 8D 08 8C 78 8D 14 00 00 
ID:0x341 [8] 23 00 25 45 00 64 00 00 
ID:0x10F [8] 16 00 00 00 00 00 00 00 
ID:0x303 [8] 11 30 00 00 00 00 04 01 
ID:0x309 [8] 11 01 8D 5D FF FE FF FD 
ID:0x30C [8] 00 00 00 00 00 00 00 00 
ID:0x303 [8] 12 30 00 00 00 00 04 01 
ID:0x30E [8] 8C FE 8C 8F 8D 13 00 00 
ID:0x310 [8] 00 14 80 7A 08 80 8E 02 
ID:0x311 [8] 80 84 80 8E 80 84 80 8E 
ID:0x10F [8] 17 00 00 00 00 00 00 00 
ID:0x10C [8] 20 00 00 70 32 00 00 00 
ID:0x309 [8] 11 01 8D 5D FF FE FF FE 
ID:0x312 [8] 80 84 80 84 80 84 80 7A 
ID:0x313 [8] 80 7A 80 7A 80 84 80 7A 
ID:0x110 [8] 30 00 00 01 00 00 00 00 
ID:0x101 [3] 11 10 01 
ID:0x314 [8] 80 8E 80 84 80 84 80 84 
ID:0x31A [8] 80 7A 80 84 80 84 80 84 
ID:0x31B [8] 80 8E 80 84 00 00 00 00 
ID:0x303 [8] 13 30 00 00 00 00 04 01 
ID:0x341 [8] 23 00 25 44 00 64 00 00 
ID:0x10F [8] 18 00 00 00 00 00 00 00 
ID:0x303 [8] 14 30 00 00 00 00 04 01 
ID:0x30E [8] 8C F3 8C A3 8D 14 00 00 
ID:0x309 [8] 11 01 8D 5F FF FE FF FD 
ID:0x30C [8] 00 00 00 00 00 00 00 00 
ID:0x303 [8] 15 30 00 00 00 00 04 01 
ID:0x309 [8] 11 00 8D 5F FF FE FF FD 
ID:0x310 [8] 00 14 80 7A 06 80 8E 01 
ID:0x40B [1] 0B 
ID:0x110 [8] 30 00 00 01 00 00 00 00 
ID:0x311 [8] 80 8E 80 84 80 84 80 84 
ID:0x402 [1] 00 
ID:0x10F [8] 19 00 00 00 00 00 00 00 
ID:0x10C [8] 20 00 00 70 32 00 00 00 
ID:0x312 [8] 80 84 80 7A 80 7A 80 7A 
ID:0x313 [8] 80 84 80 7A 80 84 80 7A 
ID:0x400 [8] 10 02 00 FF 22 12 23 00 
ID:0x303 [8] 16 30 00 00 00 00 04 01 
ID:0x30E [8] 8C E5 8C B2 8D 16 00 00 
ID:0x31A [8] 80 7A 80 8E 80 8E 80 8E 
ID:0x31B [8] 80 7A 80 84 00 00 00 00 
ID:0x301 [8] 92 18 03 52 00 FA 64 00 
ID:0x309 [8] 11 00 8D 5D FF FD FF FD 
ID:0x202 [6] 00 00 00 00 00 00 
ID:0x303 [8] 17 30 00 00 00 00 04 01 
ID:0x402 [1] 00 
ID:0x10F [8] 1A 00 00 00 00 00 00 00 
ID:0x309 [8] 11 00 8D 5F FF FD FF FD 
ID:0x40C [4] 00 03 ED 85 
ID:0x207 [1] 0C 
ID:0x303 [8] 18 30 00 00 00 00 04 01 
ID:0x30E [8] 8C EC 8C C2 8D 16 00 00 
ID:0x30C [8] 00 00 00 00 00 00 00 00 
ID:0x202 [6] 00 00 00 00 00 00 
ID:0x310 [8] 00 14 80 7A 06 80 8E 01 
ID:0x311 [8] 80 8E 80 8E 80 84 80 8E 
ID:0x10F [8] 1B 00 00 00 00 00 00 00 
ID:0x10C [8] 20 00 00 70 32 00 00 00 
ID:0x303 [8] 19 30 00 00 00 00 04 01 
ID:0x313 [8] 80 7A 80 7A 80 84 80 84 
ID:0x101 [3] 11 10 01 
ID:0x314 [8] 80 8E 80 8E 80 8E 80 84 
ID:0x102 [3] 21 00 00 
ID:0x31A [8] 80 7A 80 84 80 8E 80 8E 
ID:0x201 [8] 00 00 00 03 ED 85 00 00 
ID:0x31B [8] 80 8E 80 84 00 00 00 00 
ID:0x110 [8] 30 00 00 01 00 00 00 00 
ID:0x208 [8] FF DE FE BA 00 00 70 32 
ID:0x303 [8] 1A 30 00 00 00 00 04 01 
ID:0x30E [8] 8C F3 8C D0 8D 17 00 00 
ID:0x402 [1] 00 
ID:0x208 [8] 00 01 01 5F 00 00 70 32 
ID:0x10F [8] 1C 00 00 00 00 00 00 00 
ID:0x303 [8] 1B 30 00 00 00 00 04 01 
ID:0x309 [8] 11 00 8D 60 FF FD FF FD 
ID:0x30C [8] 00 00 00 00 00 00 00 00 
ID:0x202 [6] 00 00 00 00 00 00 
ID:0x303 [8] 1C 30 00 00 00 00 04 01 
ID:0x30E [8] 8C F9 8C DF 8D 16 00 00 
ID:0x310 [8] 00 14 80 7A 06 80 8E 01 
ID:0x311 [8] 80 8E 80 84 80 84 80 84 
ID:0x10F [8] 1D 00 00 00 00 00 00 00 
ID:0x10C [8] 20 00 00 70 32 00 00 00 
ID:0x309 [8] 11 00 8D 5B FF FD FF FE 
ID:0x312 [8] 80 84 80 7A 80 84 80 7A 
ID:0x313 [8] 80 7A 80 7A 80 84 80 7A 
ID:0x110 [8] 30 00 00 01 00 00 00 00 
ID:0x314 [8] 80 84 80 7A 80 84 80 84 
ID:0x31A [8] 80 7A 80 84 80 84 80 84 
ID:0x301 [8] 92 18 03 52 00 FA 64 00 
ID:0x31B [8] 80 84 80 84 00 00 00 00 
ID:0x303 [8] 1D 30 00 00 00 00 04 01 
ID:0x10F [8] 1E 00 00 00 00 00 00 00 
ID:0x402 [1] 00 
ID:0x303 [8] 1E 30 00 00 00 00 04 01 
ID:0x30E [8] 8D 00 8C EC 8D 15 00 00 
ID:0x309 [8] 11 00 8D 5D FF FD FF FC 
ID:0x30C [8] 00 00 00 00 00 00 00 00 
ID:0x303 [8] 1F 30 00 00 00 00 04 01 
ID:0x200 [8] 0C 00 2C 30 00 00 00 00 
ID:0x202 [6] 00 00 00 00 00 00 
ID:0x310 [8] 00 14 80 7A 05 80 8E 02 
ID:0x311 [8] 80 84 80 8E 80 84 80 84 
ID:0x110 [8] 30 00 00 01 00 00 00 00 
ID:0x10F [8] 1F 00 00 00 00 00 00 00 
ID:0x10C [8] 20 00 00 70 32 00 00 00 
ID:0x312 [8] 80 7A 80 84 80 7A 80 7A 
ID:0x101 [3] 11 10 01 
ID:0x314 [8] 80 8E 80 8E 80 84 80 84 
ID:0x303 [8] 10 30 00 00 00 00 04 01 
ID:0x30E [8] 8D 00 8C F3 8D 17 00 00 
ID:0x31A [8] 80 7A 80 8E 80 8E 80 84 
ID:0x309 [8] 11 00 8D 5D FF FD FF FD 
ID:0x402 [1] 00 
ID:0x303 [8] 11 30 00 00 00 00 04 01 
ID:0x10F [8] 10 00 00 00 00 00 00 00 
ID:0x400 [8] 10 02 00 FF 22 12 23 00 
ID:0x303 [8] 12 30 00 00 00 00 04 01 
ID:0x30E [8] 8D 03 8C FD 8D 17 00 00 
ID:0x30C [8] 00 00 00 00 00 00 00 00 
ID:0x202 [6] 00 00 00 00 00 00 
ID:0x310 [8] 00 14 80 7A 07 80 8E 01 
ID:0x311 [8] 80 8E 80 84 80 8E 80 8E 
ID:0x10F [8] 11 00 00 00 00 00 00 00 
ID:0x10C [8] 20 00 00 70 32 00 00 00 
ID:0x303 [8] 13 30 00 00 00 00 04 01 
ID:0x312 [8] 80 84 80 84 80 7A 80 7A 
ID:0x313 [8] 80 84 80 84 80 84 80 7A 
ID:0x309 [8] 11 00 8D 60 FF FD FF FD 
ID:0x314 [8] 80 8E 80 84 80 84 80 8E 
ID:0x31A [8] 80 84 80 84 80 8E 80 84 
ID:0x31B [8] 80 8E 80 84 00 00 00 00 
ID:0x301 [8] 92 18 03 52 00 FA 64 00 
ID:0x110 [8] 30 00 00 01 00 00 00 00 
ID:0x208 [8] 00 02 01 5F 00 00 70 32 
ID:0x303 [8] 14 30 00 00 00 00 04 01 
ID:0x30E [8] 8C F6 8D 05 8D 16 00 00 
ID:0x402 [1] 00 
ID:0x10F [8] 12 00 00 00 00 00 00 00 
ID:0x303 [8] 15 30 00 00 00 00 04 01 
ID:0x208 [8] 00 01 01 5F 00 00 70 32 
ID:0x309 [8] 11 00 8D 5F FF FD FF FD 
ID:0x30C [8] 00 00 00 00 00 00 00 00 
ID:0x200 [8] 0C 00 2C 30 00 00 00 00 
ID:0x303 [8] 16 30 00 00 00 00 04 01 
ID:0x30E [8] 8C FB 8D 0E 8D 15 00 00 
ID:0x310 [8] 00 14 80 7A 08 80 8E 04 
ID:0x202 [6] 00 00 00 00 00 00 
ID:0x311 [8] 80 84 80 84 80 84 80 8E 
ID:0x10F [8] 13 00 00 00 00 00 00 00 
ID:0x10C [8] 20 00 00 70 32 00 00 00 
ID:0x309 [8] 11 00 8D 5D FF FD FF FE 
ID:0x312 [8] 80 84 80 84 80 84 80 7A 
ID:0x313 [8] 80 7A 80 7A 80 7A 80 7A 
ID:0x110 [8] 30 00 00 01 00 00 00 00 
ID:0x101 [3] 11 10 01 
ID:0x314 [8] 80 8E 80 84 80 8E 80 8E 
ID:0x31A [8] 80 7A 80 84 80 8E 80 84 
ID:0x31B [8] 80 84 80 84 00 00 00 00 
ID:0x303 [8] 17 30 00 00 00 00 04 01 
ID:0x402 [1] 00 
ID:0x10F [8] 14 00 00 00 00 00 00 00 
ID:0x303 [8] 18 30 00 00 00 00 04 01 
ID:0x400 [8] 10 02 00 FF 22 12 23 00 
ID:0x30E [8] 8C FF 8D 16 8D 14 00 00 
ID:0x309 [8] 11 00 8D 5E FF FD FF FE 
ID:0x30C [8] 00 00 00 00 00 00 00 00 
ID:0x303 [8] 19 30 00 00 00 00 04 01 
ID:0x202 [6] 00 00 00 00 00 00 
ID:0x310 [8] 00 14 80 7A 06 80 8E 05 
ID:0x311 [8] 80 84 80 84 80 84 80 84 
ID:0x110 [8] 30 00 00 01 00 00 00 00 
ID:0x10F [8] 15 00 00 00 00 00 00 00 
ID:0x10C [8] 20 00 00 70 32 00 00 00 
ID:0x312 [8] 80 8E 80 7A 80 7A 80 7A 
ID:0x313 [8] 80 7A 80 7A 80 84 80 7A 
ID:0x314 [8] 80 8E 80 8E 80 8E 80 7A 
ID:0x303 [8] 1A 30 00 00 00 00 04 01 
ID:0x30E [8] 8C F3 8D 19 8D 12 00 00 
ID:0x31A [8] 80 7A 80 84 80 84 80 84 
ID:0x208 [8] 00 02 01 5F 00 00 70 32 
ID:0x31B [8] 80 8E 80 84 00 00 00 00 
ID:0x301 [8] 92 18 03 52 00 FA 64 00 
ID:0x309 [8] 11 00 8D 5C FF FD FF FE 
ID:0x303 [8] 1B 30 00 00 00 00 04 01 
ID:0x402 [1] 00 
ID:0x10F [8] 16 00 00 00 00 00 00 00 
ID:0x309 [8] 11 00 8D 5F FF FD FF FD 
ID:0x303 [8] 1C 30 00 00 00 00 04 01 
ID:0x30E [8] 8C FB 8D 1F 8D 12 00 00 
ID:0x30C [8] 00 00 00 00 00 00 00 00 
ID:0x208 [8] 00 01 01 5F 00 00 70 32 
ID:0x200 [8] 0C 00 2C 30 00 00 00 00 
ID:0x100 [8] 10 00 11 1A 00 00 00 00 
ID:0x202 [6] 00 00 00 00 00 00 
ID:0x310 [8] 00 14 80 7A 01 80 8E 04 
ID:0x300 [8] 03 52 E1 A1 04 F7 D4 68 
ID:0x311 [8] 80 7A 80 84 80 84 80 8E 
ID:0x10F [8] 17 00 00 00 00 00 00 00 
ID:0x10C [8] 20 00 00 70 32 00 00 00 
ID:0x303 [8] 1D 30 00 00 00 00 04 01 
ID:0x312 [8] 80 7A 80 7A 80 7A 80 7A 
ID:0x313 [8] 80 7A 80 7A 80 84 80 84 
ID:0x101 [3] 11 10 01 
ID:0x309 [8] 11 00 8D 5D FF FD FF FD 
ID:0x314 [8] 80 8E 80 8E 80 8E 80 8E 
ID:0x31A [8] 80 84 80 84 80 84 80 84 
ID:0x110 [8] 30 00 00 01 00 00 00 00 
ID:0x303 [8] 1E 30 00 00 00 00 04 01 
ID:0x30E [8] 8C FF 8D 24 8D 11 00 00 
ID:0x402 [1] 00 
ID:0x10F [8] 18 00 00 00 00 00 00 00 
ID:0x400 [8] 10 02 00 FF 22 12 23 00 
ID:0x303 [8] 1F 30 00 00 00 00 04 01 
ID:0x309 [8] 11 00 8D 5C FF FD FF FE 
ID:0x30C [8] 00 00 00 00 00 00 00 00 
ID:0x202 [6] 00 00 00 00 00 00 
ID:0x303 [8] 10 30 00 00 00 00 04 01 
ID:0x30E [8] 8D 02 8D 2A 8D 12 00 00 
ID:0x310 [8] 00 14 80 7A 08 80 8E 02 
ID:0x311 [8] 80 84 80 8E 80 84 80 8E 
ID:0x10F [8] 19 00 00 00 00 00 00 00 
ID:0x10C [8] 20 00 00 70 32 00 00 00 
ID:0x309 [8] 11 00 8D 5F FF FD FF FD 
ID:0x312 [8] 80 84 80 84 80 84 80 7A 
ID:0x313 [8] 80 84 80 7A 80 84 80 84 
ID:0x110 [8] 30 00 00 01 00 00 00 00 
ID:0x314 [8] 80 8E 80 84 80 8E 80 8E 
ID:0x31A [8] 80 7A 80 84 80 84 80 84 
ID:0x301 [8] 92 18 03 52 00 FA 64 00 
ID:0x303 [8] 11 30 00 00 00 00 04 01 
ID:0x402 [1] 00 
ID:0x10F [8] 1A 00 00 00 00 00 00 00 
ID:0x303 [8] 12 30 00 00 00 00 04 01 
ID:0x30E [8] 8D 07 8D 2E 8D 12 00 00 
ID:0x309 [8] 11 00 8D 5D FF FD FF FE 
ID:0x30C [8] 00 00 00 00 00 00 00 00 
ID:0x303 [8] 13 30 00 00 00 00 04 01 
ID:0x200 [8] 0C 00 2C 30 00 00 00 00 
ID:0x202 [6] 00 00 00 00 00 00 
ID:0x310 [8] 00 14 80 7A 06 80 8E 0D 
ID:0x311 [8] 80 84 80 84 80 84 80 84 
ID:0x110 [8] 30 00 00 01 00 00 00 00 
ID:0x10F [8] 1B 00 00 00 00 00 00 00 
ID:0x10C [8] 20 00 00 70 32 00 00 00 
ID:0x312 [8] 80 84 80 7A 80 7A 80 7A 
ID:0x313 [8] 80 84 80 7A 80 7A 80 84 
ID:0x101 [3] 11 10 01 
ID:0x314 [8] 80 8E 80 84 80 84 80 84 
ID:0x303 [8] 14 30 00 00 00 00 04 01 
ID:0x30E [8] 8D 08 8D 2F 8D 14 00 00 
ID:0x31A [8] 80 7A 80 8E 80 84 80 84 
ID:0x309 [8] 11 00 8D 5C FF FE FF FE 
ID:0x303 [8] 15 30 00 00 00 00 04 01 
ID:0x402 [1] 00 
ID:0x10F [8] 1C 00 00 00 00 00 00 00 
ID:0x309 [8] 11 00 8D 5C FF FE FF FD 
ID:0x400 [8] 10 02 00 FF 22 12 23 00 
ID:0x303 [8] 16 30 00 00 00 00 04 01 
ID:0x30E [8] 8D 0C 8D 34 8D 15 00 00 
ID:0x30C [8] 00 00 00 00 00 00 00 00 
ID:0x208 [8] 00 02 01 5F 00 00 70 32 
ID:0x310 [8] 00 14 80 7A 07 80 8E 03 
ID:0x202 [6] 00 00 00 00 00 00 
ID:0x311 [8] 80 84 80 84 80 8E 80 84 
ID:0x10F [8] 1D 00 00 00 00 00 00 00 
ID:0x10C [8] 20 00 00 70 32 00 00 00 
ID:0x303 [8] 17 30 00 00 00 00 04 01 
ID:0x312 [8] 80 84 80 84 80 7A 80 7A 
ID:0x313 [8] 80 7A 80 7A 80 84 80 7A 
ID:0x309 [8] 11 00 8D 5F FF FD FF FE 
ID:0x314 [8] 80 8E 80 8E 80 8E 80 8E 
ID:0x31A [8] 80 84 80 84 80 8E 80 84 
ID:0x301 [8] 92 18 03 52 00 FA 64 00 
ID:0x110 [8] 30 00 00 01 00 00 00 00 
ID:0x208 [8] 00 01 01 5F 00 00 70 32 
ID:0x303 [8] 18 30 00 00 00 00 04 01 
ID:0x30E [8] 8D 0E 8D 37 8D 15 00 00 
ID:0x402 [1] 00 
ID:0x10F [8] 1E 00 00 00 00 00 00 00 
ID:0x303 [8] 19 30 00 00 00 00 04 01 
ID:0x309 [8] 11 00 8D 5F FF FD FF FD 
ID:0x30C [8] 00 00 00 00 00 00 00 00 
ID:0x200 [8] 0C 00 2C 30 00 00 00 00 
ID:0x303 [8] 1A 30 00 00 00 00 04 01 
ID:0x202 [6] 00 00 00 00 00 00 
ID:0x30E [8] 8D 10 8D 38 8D 14 00 00 
ID:0x310 [8] 00 14 80 7A 06 80 8E 01 
ID:0x311 [8] 80 8E 80 8E 80 84 80 8E 
ID:0x10F [8] 1F 00 00 00 00 00 00 00 
ID:0x10C [8] 20 00 00 70 32 00 00 00 
ID:0x312 [8] 80 84 80 7A 80 7A 80 84 
ID:0x110 [8] 30 00 00 01 00 00 00 00 
ID:0x101 [3] 11 10 01 
ID:0x314 [8] 80 8E 80 8E 80 8E 80 84 
ID:0x31A [8] 80 7A 80 8E 80 84 80 84 
ID:0x303 [8] 1B 30 00 00 00 00 04 01 
ID:0x208 [8] 00 02 01 5F 00 00 70 32 
ID:0x10F [8] 10 00 00 00 00 00 00 00 
ID:0x303 [8] 1C 30 00 00 00 00 04 01 
ID:0x30E [8] 8D 14 8D 3C 8D 14 00 00 
ID:0x402 [1] 00 
ID:0x309 [8] 11 00 8D 5F FF FD FF FE 
ID:0x400 [8] 10 02 00 FF 22 12 23 00 
ID:0x30C [8] 00 00 00 00 00 00 00 00 
ID:0x303 [8] 1D 30 00 00 00 00 04 01 
ID:0x202 [6] 00 00 00 00 00 00 
ID:0x310 [8] 00 1E 80 70 07 80 8E 04 
ID:0x311 [8] 80 84 80 84 80 84 80 8E 
ID:0x110 [8] 30 00 00 01 00 00 00 00 
ID:0x10F [8] 11 00 00 00 00 00 00 00 
ID:0x10C [8] 20 00 00 70 32 00 00 00 
ID:0x312 [8] 80 84 80 7A 80 70 80 7A 
ID:0x313 [8] 80 7A 80 7A 80 7A 80 7A 
ID:0x314 [8] 80 8E 80 84 80 8E 80 84 
ID:0x303 [8] 1E 30 00 00 00 00 04 01 
ID:0x30E [8] 8D 12 8D 3C 8D 12 00 00 
ID:0x301 [8] 92 18 03 52 00 FA 64 00 
ID:0x309 [8] 11 00 8D 5C FF FD FF FE 
ID:0x201 [8] 00 00 00 03 ED 85 00 10 
ID:0x303 [8] 1F 30 00 00 00 00 04 01 
ID:0x341 [8] 23 00 25 45 00 64 00 00 
ID:0x10F [8] 12 00 00 00 00 00 00 00 
ID:0x309 [8] 11 00 8D 5C FF FE FF FC 
ID:0x402 [1] 00 
ID:0x303 [8] 10 30 00 00 00 00 04 01 
ID:0x208 [8] 00 00 01 5F 00 00 70 32 
ID:0x30E [8] 8D 13 8D 3F 8D 13 00 00 
ID:0x30C [8] 00 00 00 00 00 00 00 00 
ID:0x200 [8] 0C 00 2C 30 00 00 00 00 
ID:0x310 [8] 00 1E 80 70 07 80 8E 01 
ID:0x202 [6] 00 00 00 00 00 00 
ID:0x311 [8] 80 8E 80 8E 80 84 80 84 
ID:0x10F [8] 13 00 00 00 00 00 00 00 
ID:0x10C [8] 20 00 00 70 32 00 00 00 
ID:0x303 [8] 11 30 00 00 00 00 04 01 
ID:0x312 [8] 80 7A 80 7A 80 70 80 7A 
ID:0x313 [8] 80 7A 80 7A 80 84 80 84 
ID:0x101 [3] 11 10 01 
ID:0x309 [8] 11 00 8D 5B FF FD FF FD 
ID:0x314 [8] 80 8E 80 84 80 8E 80 7A 
ID:0x31A [8] 80 7A 80 84 80 8E 80 84 
ID:0x31B [8] 80 84 80 7A 00 00 00 00 
ID:0x110 [8] 30 00 00 01 00 00 00 00 
ID:0x303 [8] 12 30 00 00 00 00 04 01 
ID:0x30E [8] 8D 15 8D 41 8D 12 00 00 
ID:0x208 [8] FF FF 01 5F 00 00 70 32 
ID:0x10F [8] 14 00 00 00 00 00 00 00 
ID:0x402 [1] 00 
ID:0x303 [8] 13 30 00 00 00 00 04 01 
ID:0x400 [8] 10 02 00 FF 22 12 23 00 
ID:0x309 [8] 11 00 8D 60 FF FD FF FB 
ID:0x30C [8] 00 00 00 00 00 00 00 00 
ID:0x303 [8] 14 30 00 00 00 00 04 01 
ID:0x30E [8] 8D 17 8D 44 8D 13 00 00 
ID:0x310 [8] 00 14 80 7A 08 80 8E 0D 
ID:0x311 [8] 80 84 80 84 80 84 80 84 
ID:0x10F [8] 15 00 00 00 00 00 00 00 
ID:0x10C [8] 20 00 00 70 32 00 00 00 
ID:0x309 [8] 11 00 8D 5E FF FD FF FB 
ID:0x202 [6] 00 00 00 00 00 00 
ID:0x312 [8] 80 84 80 84 80 84 80 7A 
ID:0x313 [8] 80 7A 80 84 80 84 80 84 
ID:0x110 [8] 30 00 00 01 00 00 00 00 
ID:0x314 [8] 80 8E 80 8E 80 8E 80 84 
ID:0x31A [8] 80 7A 80 84 80 84 80 84 
ID:0x301 [8] 92 18 03 52 00 FA 64 00 
ID:0x31B [8] 80 84 80 84 00 00 00 00 
ID:0x303 [8] 15 30 00 00 00 00 04 01 
ID:0x341 [8] 23 00 25 44 00 64 00 00 
ID:0x402 [1] 00 
ID:0x10F [8] 16 00 00 00 00 00 00 00 
ID:0x303 [8] 16 30 00 00 00 00 04 01 
ID:0x30E [8] 8D 1A 8D 47 8D 14 00 00 
ID:0x309 [8] 11 00 8D 5C FF FD FF FC 
ID:0x30C [8] 00 00 00 00 00 00 00 00 
ID:0x303 [8] 17 30 00 00 00 00 04 01 
ID:0x200 [8] 0C 00 2C 30 00 00 00 00 
ID:0x310 [8] 00 14 80 7A 06 80 8E 01 
ID:0x202 [6] 00 00 00 00 00 00 
ID:0x311 [8] 80 8E 80 8E 80 84 80 84 
ID:0x110 [8] 30 00 00 01 00 00 00 00 
ID:0x10F [8] 17 00 00 00 00 00 00 00 
ID:0x10C [8] 20 00 00 70 32 00 00 00 
ID:0x312 [8] 80 84 80 7A 80 7A 80 7A 
ID:0x313 [8] 80 7A 80 7A 80 7A 80 84 
ID:0x101 [3] 11 10 01 
ID:0x314 [8] 80 8E 80 84 80 84 80 84 
ID:0x303 [8] 18 30 00 00 00 00 04 01 
ID:0x30E [8] 8D 18 8D 46 8D 14 00 00 
ID:0x31A [8] 80 7A 80 8E 80 84 80 7A 
ID:0x31B [8] 80 8E 80 84 00 00 00 00 
ID:0x309 [8] 11 00 8D 5C FF FC FF FB 
ID:0x303 [8] 19 30 00 00 00 00 04 01 
ID:0x10F [8] 18 00 00 00 00 00 00 00 
ID:0x309 [8] 11 00 8D 5C FF FC FF FA 
ID:0x402 [1] 00 
ID:0x400 [8] 10 02 00 FF 22 12 23 00 
ID:0x303 [8] 1A 30 00 00 00 00 04 01 
ID:0x30E [8] 8D 15 8D 48 8D 14 00 00 
ID:0x30C [8] 00 00 00 00 00 00 00 00 
ID:0x310 [8] 00 14 80 7A 07 80 8E 01 
ID:0x202 [6] 00 00 00 00 00 00 
ID:0x311 [8] 80 8E 80 8E 80 84 80 8E 
ID:0x10F [8] 19 00 00 00 00 00 00 00 
ID:0x10C [8] 20 00 00 70 32 00 00 00 
ID:0x303 [8] 1B 30 00 00 00 00 04 01 
ID:0x312 [8] 80 84 80 84 80 7A 80 7A 
ID:0x006 [4] 02 02 23 AA 
ID:0x002 [8] 06 10 30 23 00 42 41 54 
ID:0x006 [4] 02 30 08 01 
ID:0x002 [8] 06 21 31 32 30 30 36 30 
ID:0x002 [8] 06 22 30 30 30 34 30 30 
ID:0x002 [8] 06 23 30 33 30 39 34 32 
ID:0x002 [8] 06 24 33 30 32 31 35 44 
ID:0x002 [8] 06 25 30 30 31 35 36 00 
ID:0x002 [8] 06 26 00 00 00 00 00 00 
ID:0x002 [8] 06 27 00 00 00 09 39 C4 
ID:0x002 [3] 06 28 E0 
ID:0x309 [8] 11 00 8D 5D FF FC FF FB 
ID:0x31A [8] 80 7A 80 84 80 84 80 84 
ID:0x110 [8] 30 00 00 01 00 00 00 00 
ID:0x31B [8] 80 84 80 84 00 00 00 00 
ID:0x301 [8] 92 18 03 52 00 FA 64 00 
ID:0x303 [8] 1C 30 00 00 00 00 04 01 
ID:0x30E [8] 8D 09 8D 49 8D 14 00 00 
ID:0x10F [8] 1A 00 00 00 00 00 00 00 
ID:0x402 [1] 00 
ID:0x303 [8] 1D 30 00 00 00 00 04 01 
ID:0x309 [8] 11 00 8D 5B FF FC FF FB 
ID:0x30C [8] 00 00 00 00 00 00 00 00 
ID:0x100 [8] 10 00 11 1A 00 00 00 00 
ID:0x300 [8] 03 52 E1 A1 04 F7 D4 68 
ID:0x303 [8] 1E 30 00 00 00 00 04 01 
ID:0x30E [8] 8D 0C 8D 4C 8D 15 00 00 
ID:0x310 [8] 00 14 80 7A 06 80 8E 02 
ID:0x200 [8] 0C 00 2C 30 00 00 00 00 
ID:0x202 [6] 00 00 00 00 00 00 
ID:0x10F [8] 1B 00 00 00 00 00 00 00 
ID:0x10C [8] 20 00 00 70 32 00 00 00 
ID:0x311 [8] 80 84 80 8E 80 84 80 84 
ID:0x309 [8] 11 00 8D 5C FF FB FF FB 
ID:0x312 [8] 80 84 80 7A 80 7A 80 7A 
ID:0x110 [8] 30 00 00 01 00 00 00 00 
ID:0x101 [3] 11 10 01 
ID:0x314 [8] 80 8E 80 84 80 84 80 7A 
ID:0x31A [8] 80 7A 80 8E 80 8E 80 84 
ID:0x31B [8] 80 8E 80 7A 00 00 00 00 
ID:0x303 [8] 1F 30 00 00 00 00 04 01 
ID:0x10F [8] 1C 00 00 00 00 00 00 00 
ID:0x402 [1] 00 
ID:0x303 [8] 10 30 00 00 00 00 04 01 
ID:0x30E [8] 8C FD 8D 4C 8D 14 00 00 
ID:0x400 [8] 10 02 00 FF 22 12 23 00 
ID:0x30C [8] 00 00 00 00 00 00 00 00 
ID:0x303 [8] 11 30 00 00 00 00 04 01 
ID:0x310 [8] 00 14 80 7A 07 80 8E 0D 
ID:0x110 [8] 30 00 00 01 00 00 00 00 
ID:0x102 [3] 31 00 00 
ID:0x10F [8] 1D 00 00 00 00 00 00 00 
ID:0x10C [8] 20 00 00 70 32 00 00 00 
ID:0x311 [8] 80 84 80 84 80 84 80 84 
ID:0x312 [8] 80 84 80 84 80 7A 80 7A 
ID:0x202 [6] 00 00 00 00 00 00 
ID:0x313 [8] 80 7A 80 84 80 7A 80 84 
ID:0x314 [8] 80 8E 80 8E 80 8E 80 84 
ID:0x303 [8] 12 30 00 00 00 00 04 01 
ID:0x30E [8] 8C FC 8D 4B 8D 14 00 00 
ID:0x31A [8] 80 7A 80 84 80 8E 80 84 
ID:0x31B [8] 80 8E 80 84 00 00 00 00 
ID:0x301 [8] 92 18 03 52 00 FA 64 00 
ID:0x309 [8] 11 00 8D 5E FF FB FF FE 
ID:0x303 [8] 13 30 00 00 00 00 04 01 
ID:0x10F [8] 1E 00 00 00 00 00 00 00 
ID:0x309 [8] 11 00 8D 5D FF FB FF FB 
ID:0x402 [1] 00 
ID:0x303 [8] 14 30 00 00 00 00 04 01 
ID:0x30E [8] 8D 01 8D 4C 8D 15 00 00 
ID:0x30C [8] 00 00 00 00 00 00 00 00 
ID:0x310 [8] 00 14 80 7A 06 80 8E 0D 
ID:0x10F [8] 1F 00 00 00 00 00 00 00 
ID:0x10C [8] 20 00 00 70 32 00 00 00 
ID:0x202 [6] 00 00 00 00 00 00 
ID:0x200 [8] 0C 00 2C 30 00 00 00 00 
ID:0x303 [8] 15 30 00 00 00 00 04 01 
ID:0x312 [8] 80 84 80 7A 80 7A 80 84 
ID:0x313 [8] 80 84 80 7A 80 84 80 7A 
ID:0x101 [3] 11 10 01 
ID:0x309 [8] 11 00 8D 5E FF FB FF FC 
ID:0x314 [8] 80 8E 80 8E 80 8E 80 7A 
ID:0x31A [8] 80 7A 80 8E 80 8E 80 8E 
ID:0x110 [8] 30 00 00 01 00 00 00 00 
ID:0x201 [8] 00 00 00 03 ED 85 00 00 
ID:0x303 [8] 16 30 00 00 00 00 04 01 
ID:0x30E [8] 8D 03 8D 4C 8D 15 00 00 
ID:0x10F [8] 10 00 00 00 00 00 00 00 
ID:0x303 [8] 17 30 00 00 00 00 04 01 
ID:0x402 [1] 00 
ID:0x309 [8] 11 00 8D 5D FF FB FF FD 
ID:0x400 [8] 10 02 00 FF 22 12 23 00 
ID:0x30C [8] 00 00 00 00 00 00 00 00 
ID:0x303 [8] 18 30 00 00 00 00 04 01 
ID:0x30E [8] 8D 07 8D 4E 8D 17 00 00 
ID:0x310 [8] 00 14 80 7A 03 80 8E 13 
ID:0x10F [8] 11 00 00 00 00 00 00 00 
ID:0x10C [8] 20 00 00 70 32 00 00 00 
ID:0x311 [8] 80 84 80 84 80 7A 80 84 
ID:0x202 [6] 00 00 00 00 00 00 
ID:0x309 [8] 11 00 8D 5D FF FC FF FE 
ID:0x312 [8] 80 84 80 84 80 84 80 84 
ID:0x313 [8] 80 84 80 7A 80 7A 80 7A 
ID:0x110 [8] 30 00 00 01 00 00 00 00 
ID:0x314 [8] 80 84 80 84 80 84 80 84 
ID:0x31A [8] 80 7A 80 84 80 8E 80 8E 
ID:0x301 [8] 92 18 03 52 00 FA 64 00 
ID:0x208 [8] 00 00 01 5F 00 00 70 32 
ID:0x303 [8] 19 30 00 00 00 00 04 01 
ID:0x10F [8] 12 00 00 00 00 00 00 00 
ID:0x303 [8] 1A 30 00 00 00 00 04 01 
ID:0x208 [8] 00 01 01 5F 00 00 70 32 
ID:0x30E [8] 8D 0A 8D 50 8D 18 00 00 
ID:0x309 [8] 11 00 8D 5D FF FC FF FD 
ID:0x402 [1] 00 
ID:0x30C [8] 00 00 00 00 00 00 00 00 
ID:0x303 [8] 1B 30 00 00 00 00 04 01 
ID:0x310 [8] 00 14 80 7A 06 80 8E 02 
ID:0x110 [8] 30 00 00 01 00 00 00 00 
ID:0x200 [8] 0C 00 2C 30 00 00 00 00 
ID:0x10C [8] 20 00 00 70 32 00 00 00 
ID:0x10F [8] 13 00 00 00 00 00 00 00 
ID:0x311 [8] 80 84 80 8E 80 84 80 8E 
ID:0x202 [6] 00 00 00 00 00 00 
ID:0x312 [8] 80 84 80 7A 80 7A 80 84 
ID:0x313 [8] 80 84 80 84 80 84 80 84 
ID:0x101 [3] 11 10 01 
ID:0x314 [8] 80 8E 80 84 80 84 80 84 
ID:0x303 [8] 1C 30 00 00 00 00 04 01 
ID:0x30E [8] 8D 0B 8D 4E 8D 18 00 00 
ID:0x31A [8] 80 7A 80 8E 80 84 80 84 
ID:0x31B [8] 80 84 80 84 00 00 00 00 
ID:0x309 [8] 11 00 8D 5E FF FC FF FD 
ID:0x303 [8] 1D 30 00 00 00 00 04 01 
ID:0x10F [8] 14 00 00 00 00 00 00 00 
ID:0x309 [8] 11 00 8D 5D FF FD FF FD 
ID:0x402 [1] 00 
ID:0x303 [8] 1E 30 00 00 00 00 04 01 
ID:0x400 [8] 10 02 00 FF 22 12 23 00 
ID:0x30E [8] 8D 0B 8D 50 8D 16 00 00 
ID:0x30C [8] 00 00 00 00 00 00 00 00 
ID:0x310 [8] 00 14 80 7A 06 80 8E 02 
ID:0x10F [8] 15 00 00 00 00 00 00 00 
ID:0x10C [8] 20 00 00 70 32 00 00 00 
ID:0x303 [8] 1F 30 00 00 00 00 04 01 
ID:0x202 [6] 00 00 00 00 00 00 
ID:0x312 [8] 80 84 80 7A 80 7A 80 7A 
ID:0x313 [8] 80 84 80 7A 80 7A 80 7A 
ID:0x309 [8] 11 00 8D 5C FF FD FF FE 
ID:0x31A [8] 80 7A 80 84 80 8E 80 8E 
ID:0x110 [8] 30 00 00 01 00 00 00 00 
ID:0x31B [8] 80 84 80 7A 00 00 00 00 
ID:0x301 [8] 92 18 03 52 00 FA 64 00 
ID:0x303 [8] 10 30 00 00 00 00 04 01 
ID:0x30E [8] 8D 0E 8D 51 8D 16 00 00 
ID:0x10F [8] 16 00 00 00 00 00 00 00 
ID:0x402 [1] 00 
ID:0x303 [8] 11 30 00 00 00 00 04 01 
ID:0x102 [3] 30 00 00 
ID:0x309 [8] 11 00 8D 5D FF FD FF FE 
ID:0x30C [8] 00 00 00 00 00 00 00 00 
ID:0x303 [8] 12 30 00 00 00 00 04 01 
ID:0x30E [8] 8D 13 8D 53 8D 18 00 00 
ID:0x310 [8] 00 14 80 7A 03 80 8E 01 
ID:0x10F [8] 17 00 00 00 00 00 00 00 
ID:0x10C [8] 20 00 00 70 32 00 00 00 
ID:0x311 [8] 80 8E 80 84 80 7A 80 84 
ID:0x309 [8] 11 00 8D 5C FF FD FF FD 
ID:0x202 [6] 00 00 00 00 00 00 
ID:0x313 [8] 80 84 80 7A 80 84 80 7A 
ID:0x200 [8] 0C 00 2C 30 00 00 00 00 
ID:0x110 [8] 30 00 00 01 00 00 00 00 
ID:0x101 [3] 11 10 01 
ID:0x31A [8] 80 7A 80 8E 80 84 80 84 
ID:0x31B [8] 80 84 80 84 00 00 00 00 
ID:0x303 [8] 13 30 00 00 00 00 04 01 
ID:0x10F [8] 18 00 00 00 00 00 00 00 
ID:0x303 [8] 14 30 00 00 00 00 04 01 
ID:0x30E [8] 8D 17 8D 54 8D 18 00 00 
ID:0x402 [1] 00 
ID:0x309 [8] 11 00 8D 5D FF FD FF FE 
ID:0x400 [8] 10 02 00 FF 22 12 23 00 
ID:0x30C [8] 00 00 00 00 00 00 00 00 
ID:0x303 [8] 15 30 00 00 00 00 04 01 
ID:0x310 [8] 00 14 80 7A 07 80 8E 0D 
ID:0x110 [8] 30 00 00 01 00 00 00 00 
ID:0x10F [8] 19 00 00 00 00 00 00 00 
ID:0x10C [8] 20 00 00 70 32 00 00 00 
ID:0x311 [8] 80 84 80 84 80 84 80 84 
ID:0x312 [8] 80 84 80 84 80 7A 80 7A 
ID:0x202 [6] 00 00 00 00 00 00 
ID:0x313 [8] 80 84 80 7A 80 7A 80 84 
ID:0x303 [8] 16 30 00 00 00 00 04 01 
ID:0x30E [8] 8D 14 8D 51 8D 18 00 00 
ID:0x31B [8] 80 8E 80 84 00 00 00 00 
ID:0x301 [8] 92 18 03 52 00 FA 64 00 
ID:0x309 [8] 11 00 8D 5D FF FE FF FD 
ID:0x303 [8] 17 30 00 00 00 00 04 01 
ID:0x10F [8] 1A 00 00 00 00 00 00 00 
ID:0x309 [8] 11 00 8D 5E FF FD FF FE 
ID:0x402 [1] 00 
ID:0x303 [8] 18 30 00 00 00 00 04 01 
ID:0x30E [8] 8D 0B 8D 53 8D 18 00 00 
ID:0x30C [8] 00 00 00 00 00 00 00 00 
ID:0x310 [8] 00 14 80 7A 06 80 8E 01 
ID:0x10F [8] 1B 00 00 00 00 00 00 00 
ID:0x10C [8] 20 00 00 70 32 00 00 00 
ID:0x311 [8] 80 8E 80 8E 80 84 80 8E 
ID:0x303 [8] 19 30 00 00 00 00 04 01 
ID:0x200 [8] 0C 00 2C 30 00 00 00 00 
ID:0x312 [8] 80 84 80 7A 80 7A 80 7A 
ID:0x202 [6] 00 00 00 00 00 00 
ID:0x313 [8] 80 7A 80 7A 80 84 80 84 
ID:0x101 [3] 11 10 01 
ID:0x309 [8] 11 00 8D 5D FF FE FF FE 
ID:0x31A [8] 80 7A 80 84 80 8E 80 84 
ID:0x110 [8] 30 00 00 01 00 00 00 00 
ID:0x31B [8] 80 84 80 84 00 00 00 00 
ID:0x303 [8] 1A 30 00 00 00 00 04 01 
ID:0x30E [8] 8D 0D 8D 53 8D 18 00 00 
ID:0x10F [8] 1C 00 00 00 00 00 00 00 
ID:0x402 [1] 00 
ID:0x303 [8] 1B 30 00 00 00 00 04 01 
ID:0x400 [8] 10 02 00 FF 22 12 23 00 
ID:0x309 [8] 11 00 8D 5E FF FE FF FE 
ID:0x30C [8] 00 00 00 00 00 00 00 00 
ID:0x208 [8] 00 02 01 5F 00 00 70 32 
ID:0x303 [8] 1C 30 00 00 00 00 04 01 
ID:0x30E [8] 8D 11 8D 54 8D 18 00 00 
ID:0x310 [8] 00 14 80 7A 06 80 8E 01 
ID:0x10F [8] 1D 00 00 00 00 00 00 00 
ID:0x10C [8] 20 00 00 70 32 00 00 00 
ID:0x311 [8] 80 8E 80 84 80 84 80 84 
ID:0x309 [8] 11 00 8D 5C FF FE FF FB 
ID:0x202 [6] 00 00 00 00 00 00 
ID:0x313 [8] 80 7A 80 7A 80 7A 80 84 
ID:0x110 [8] 30 00 00 01 00 00 00 00 
ID:0x31A [8] 80 7A 80 8E 80 84 80 84 
ID:0x208 [8] 00 01 01 5F 00 00 70 32 
ID:0x301 [8] 92 18 03 52 00 FA 64 00 
ID:0x303 [8] 1D 30 00 00 00 00 04 01 
ID:0x10F [8] 1E 00 00 00 00 00 00 00 
ID:0x303 [8] 1E 30 00 00 00 00 04 01 
ID:0x30E [8] 8D 13 8D 55 8D 18 00 00 
ID:0x402 [1] 00 
ID:0x309 [8] 11 00 8D 5B FF FD FF FA 
ID:0x30C [8] 00 00 00 00 00 00 00 00 
ID:0x303 [8] 1F 30 00 00 00 00 04 01 
ID:0x100 [8] 10 00 11 1A 00 00 00 00 
ID:0x310 [8] 00 1E 80 70 0A 80 8E 0E 
ID:0x110 [8] 30 00 00 01 00 00 00 00 
ID:0x10F [8] 1F 00 00 00 00 00 00 00 
ID:0x10C [8] 20 00 00 70 32 00 00 00 
ID:0x311 [8] 80 84 80 84 80 84 80 84 
ID:0x312 [8] 80 84 80 84 80 7A 80 7A 
ID:0x201 [8] 00 0E 00 03 ED 85 00 00 
ID:0x313 [8] 80 84 80 70 80 7A 80 7A 
ID:0x101 [3] 11 10 01 
ID:0x208 [8] 00 02 01 5F 00 00 70 32 
ID:0x300 [8] 03 52 E1 A1 04 F7 D4 68 
ID:0x314 [8] 80 84 80 8E 80 8E 80 84 
ID:0x202 [6] 00 00 00 00 00 00 
ID:0x303 [8] 10 30 00 00 00 00 04 01 
ID:0x200 [8] 0C 00 2C 30 00 00 00 00 
ID:0x30E [8] 8D 01 8D 54 8D 16 00 00 
ID:0x31A [8] 80 7A 80 84 80 84 80 84 
ID:0x309 [8] 11 00 8D 5B FF FD FF F7 
ID:0x201 [8] 00 28 00 03 ED 85 00 00 
ID:0x208 [8] 00 03 01 5F 00 00 70 32 
ID:0x303 [8] 11 30 00 00 00 00 04 01 
ID:0x341 [8] 23 00 25 45 00 64 00 00 
ID:0x10F [8] 10 00 00 00 00 00 00 00 
ID:0x309 [8] 11 00 8D 53 FF FC FF D5 
ID:0x402 [1] 00 
ID:0x201 [8] 00 51 00 03 ED 85 00 00 
ID:0x400 [8] 10 02 00 FF 22 12 23 00 
ID:0x303 [8] 12 30 02 00 00 00 04 01 
ID:0x30E [8] 8D 02 8D 54 8D 13 00 00 
ID:0x30C [8] 00 00 00 00 00 00 00 00 
ID:0x310 [8] 00 14 80 66 06 80 7A 01 
ID:0x10F [8] 11 00 00 00 00 00 00 00 
ID:0x10C [8] 20 00 00 70 32 00 00 00 
ID:0x311 [8] 80 7A 80 70 80 70 80 70 
ID:0x201 [8] 00 7B 00 03 ED 85 00 00 
ID:0x303 [8] 13 30 02 00 00 00 04 01 
ID:0x208 [8] 00 0A 01 5F 00 00 70 32 
ID:0x312 [8] 80 7A 80 66 80 66 80 70 
ID:0x313 [8] 80 70 80 66 80 70 80 70 
ID:0x202 [6] 00 00 00 00 00 00 
ID:0x309 [8] 11 00 8D 4A FF F7 FF AA 
ID:0x314 [8] 80 7A 80 7A 80 7A 80 70 
ID:0x31A [8] 80 66 80 7A 80 7A 80 70 
ID:0x110 [8] 30 00 00 01 00 00 00 00 
ID:0x31B [8] 80 7A 80 7A 00 00 00 00 
ID:0x301 [8] 92 18 03 52 00 FA 64 00 
ID:0x201 [8] 00 A2 00 03 ED 85 00 00 
ID:0x303 [8] 14 30 02 00 00 00 04 01 
ID:0x208 [8] 00 11 01 5F 00 00 70 32 
ID:0x30E [8] 8D 00 8D 52 8D 10 00 00 
ID:0x10F [8] 12 00 00 00 00 00 00 00 
ID:0x303 [8] 15 30 02 00 00 00 04 01 
ID:0x201 [8] 00 C8 00 03 ED 85 00 00 
ID:0x208 [8] 00 17 01 5F 00 00 70 32 
ID:0x402 [1] 00 
ID:0x309 [8] 11 00 8D 3F FF ED FF 85 
ID:0x30C [8] 00 00 00 00 00 00 00 00 
ID:0x303 [8] 16 30 02 00 00 00 04 01 
ID:0x201 [8] 00 EB 00 03 ED 85 00 00 
ID:0x30E [8] 8D 03 8D 4E 8D 0D 00 00 
ID:0x310 [8] 00 14 80 52 0B 80 66 0D 
ID:0x10F [8] 13 00 00 00 00 00 00 00 
ID:0x10C [8] 20 00 00 70 32 00 00 00 
ID:0x311 [8] 80 5C 80 5C 80 5C 80 5C 
ID:0x309 [8] 11 00 8D 33 FF DE FF 68 
ID:0x312 [8] 80 5C 80 5C 80 5C 80 5C 
ID:0x200 [8] 0C 00 2C 30 00 00 00 00 
ID:0x313 [8] 80 5C 80 5C 80 52 80 5C 
ID:0x202 [6] 00 00 00 00 00 00 
ID:0x110 [8] 30 00 00 01 00 00 00 00 
ID:0x101 [3] 11 10 01 
ID:0x314 [8] 80 66 80 5C 80 5C 80 5C 
ID:0x31A [8] 80 52 80 66 80 66 80 5C 
ID:0x31B [8] 80 66 80 5C 00 00 00 00 
ID:0x303 [8] 17 30 02 00 00 00 04 01 
ID:0x201 [8] 01 0F 00 03 ED 85 00 00 
ID:0x208 [8] 00 1C 01 5F 00 00 70 32 
ID:0x341 [8] 23 00 25 46 00 64 00 00 
ID:0x10F [8] 14 00 00 00 00 00 00 00 
ID:0x303 [8] 18 30 02 00 00 00 04 01 
ID:0x30E [8] 8D 01 8D 49 8D 07 00 00 
ID:0x201 [8] 01 32 00 03 ED 85 00 00 
ID:0x208 [8] 00 21 01 5F 00 00 70 32 
ID:0x402 [1] 00 
ID:0x309 [8] 11 00 8D 2D FF CB FF 3F 
ID:0x400 [8] 10 02 00 FF 22 12 23 00 
ID:0x30C [8] 00 00 00 00 00 00 00 00 
ID:0x303 [8] 19 30 02 00 00 00 04 01 
ID:0x201 [8] 01 4A 00 03 ED 85 00 00 
ID:0x208 [8] 00 22 01 5F 00 00 70 32 
ID:0x310 [8] 00 14 80 5C 05 80 70 01 
ID:0x110 [8] 30 00 00 01 00 00 00 00 
ID:0x10F [8] 15 00 00 00 00 00 00 00 
ID:0x10C [8] 20 00 00 70 32 00 00 00 
ID:0x311 [8] 80 70 80 70 80 66 80 66 
ID:0x313 [8] 80 5C 80 5C 80 5C 80 5C 
ID:0x202 [6] 00 00 00 00 00 00 
ID:0x314 [8] 80 70 80 66 80 70 80 66 
ID:0x303 [8] 1A 30 02 00 00 00 04 01 
ID:0x30E [8] 8C FF 8D 43 8D 05 00 00 
ID:0x31A [8] 80 5C 80 70 80 70 80 66 
ID:0x201 [8] 01 58 00 03 ED 85 00 00 
ID:0x31B [8] 80 70 80 66 00 00 00 00 
ID:0x301 [8] 92 18 03 52 00 FA 64 00 
ID:0x309 [8] 11 00 8D 3C FF B3 FF 87 
ID:0x303 [8] 1B 30 02 00 00 00 04 01 
ID:0x341 [8] 23 00 25 45 00 64 00 00 
ID:0x10F [8] 16 00 00 00 00 00 00 00 
ID:0x201 [8] 01 67 00 03 ED 85 00 00 
ID:0x309 [8] 11 00 8D 39 FF A4 FF 84 
ID:0x208 [8] 00 19 01 5F 00 00 70 32 
ID:0x402 [1] 00 
ID:0x303 [8] 1C 30 02 00 00 00 04 01 
ID:0x30E [8] 8C ED 8D 41 8D 03 00 00 
ID:0x30C [8] 00 00 00 00 00 00 00 00 
ID:0x201 [8] 01 76 00 03 ED 85 00 00 
ID:0x310 [8] 00 14 80 52 08 80 66 01 
ID:0x10F [8] 17 00 00 00 00 00 00 00 
ID:0x10C [8] 20 00 00 70 32 00 00 00 
ID:0x311 [8] 80 66 80 5C 80 5C 80 5C 
ID:0x303 [8] 1D 30 02 00 00 00 04 01 
ID:0x312 [8] 80 5C 80 5C 80 5C 80 52 
ID:0x313 [8] 80 5C 80 52 80 5C 80 5C 
ID:0x200 [8] 0C 00 2C 30 00 00 00 00 
ID:0x101 [3] 11 10 01 
ID:0x309 [8] 11 00 8D 34 FF 96 FF 75 
ID:0x314 [8] 80 66 80 66 80 66 80 5C 
ID:0x201 [8] 01 83 00 03 ED 85 00 00 
ID:0x208 [8] 00 1A 01 5F 00 00 70 32 
ID:0x31A [8] 80 52 80 66 80 66 80 66 
ID:0x202 [6] 00 00 00 00 00 00 
ID:0x110 [8] 30 00 00 01 00 00 00 00 
ID:0x31B [8] 80 66 80 5C 00 00 00 00 
ID:0x303 [8] 1E 30 02 00 00 00 04 01 
ID:0x30E [8] 8C EF 8D 3E 8D 01 00 00 
ID:0x201 [8] 01 8E 00 03 ED 85 00 00 
ID:0x10F [8] 18 00 00 00 00 00 00 00 
ID:0x303 [8] 1F 30 02 00 00 00 04 01 
ID:0x309 [8] 11 00 8D 39 FF 85 FF 99 
ID:0x402 [1] 00 
ID:0x201 [8] 01 92 00 03 ED 85 00 00 
ID:0x30C [8] 00 00 00 00 00 00 00 00 
ID:0x400 [8] 10 02 00 FF 22 12 23 00 
ID:0x303 [8] 10 30 02 00 00 00 04 01 
ID:0x30E [8] 8C E3 8D 3C 8D 00 00 00 
ID:0x310 [8] 00 1E 80 52 07 80 70 01 
ID:0x10F [8] 19 00 00 00 00 00 00 00 
ID:0x10C [8] 20 00 00 70 32 00 00 00 
ID:0x311 [8] 80 70 80 70 80 5C 80 66 
ID:0x309 [8] 11 00 8D 3A FF 7E FF 9E 
ID:0x312 [8] 80 70 80 5C 80 52 80 5C 
ID:0x201 [8] 01 97 00 03 ED 85 00 00 
ID:0x313 [8] 80 66 80 5C 80 66 80 5C 
ID:0x208 [8] 00 13 01 60 00 00 70 32 
ID:0x110 [8] 30 00 00 01 00 00 00 00 
ID:0x202 [6] 00 00 00 00 00 00 
ID:0x314 [8] 80 66 80 66 80 70 80 5C 
ID:0x31A [8] 80 5C 80 66 80 66 80 5C 
ID:0x301 [8] 92 18 03 52 00 FA 64 00 
ID:0x31B [8] 80 66 80 66 00 00 00 00 
ID:0x303 [8] 11 30 02 00 00 00 04 01 
ID:0x201 [8] 01 99 00 03 ED 85 00 00 
ID:0x10F [8] 1A 00 00 00 00 00 00 00 
ID:0x303 [8] 12 30 02 00 00 00 04 01 
ID:0x30E [8] 8C D6 8D 3D 8D 00 00 00 
ID:0x309 [8] 11 00 8D 3A FF 7C FF 9B 
ID:0x402 [1] 00 
ID:0x201 [8] 01 9D 00 03 ED 85 00 00 
ID:0x208 [8] 00 14 01 60 00 00 70 32 
ID:0x30C [8] 00 00 00 00 00 00 00 00 
ID:0x303 [8] 13 30 02 00 00 00 04 01 
ID:0x310 [8] 00 14 80 5C 07 80 70 0D 
ID:0x110 [8] 30 00 00 01 00 00 00 00 
ID:0x10C [8] 20 00 00 70 32 00 00 00 
ID:0x10F [8] 1B 00 00 00 00 00 00 00 
ID:0x311 [8] 80 66 80 66 80 66 80 66 
ID:0x201 [8] 01 A3 00 03 ED 85 00 00 
ID:0x312 [8] 80 66 80 66 80 5C 80 5C 
ID:0x313 [8] 80 5C 80 5C 80 5C 80 5C 
ID:0x101 [3] 11 10 01 
ID:0x200 [8] 0C 00 2C 30 00 00 00 00 
ID:0x314 [8] 80 70 80 5C 80 66 80 5C 
ID:0x202 [6] 00 00 00 00 00 00 
ID:0x303 [8] 14 30 02 00 00 00 04 01 
ID:0x30E [8] 8C CA 8D 38 8D 00 00 00 
ID:0x31A [8] 80 5C 80 66 80 70 80 66 
ID:0x31B [8] 80 70 80 66 00 00 00 00 
ID:0x309 [8] 11 00 8D 3A FF 7F FF 96 
ID:0x201 [8] 01 A5 00 03 ED 85 00 00 
ID:0x208 [8] 00 13 01 60 00 00 70 32 
ID:0x303 [8] 15 30 02 00 00 00 04 01 
ID:0x341 [8] 23 00 25 44 00 64 00 00 
ID:0x10F [8] 1C 00 00 00 00 00 00 00 
ID:0x309 [8] 11 00 8D 38 FF 85 FF 97 
ID:0x201 [8] 01 AA 00 03 ED 85 00 00 
ID:0x402 [1] 00 
ID:0x208 [8] 00 14 01 60 00 00 70 32 
ID:0x303 [8] 16 30 02 00 00 00 04 01 
ID:0x400 [8] 10 02 00 FF 22 12 23 00 
ID:0x30E [8] 8C CC 8D 38 8C FE 00 00 
ID:0x30C [8] 00 00 00 00 00 00 00 00 
ID:0x322 [8] 30 2F 00 00 00 00 00 00 
ID:0x201 [8] 01 AF 00 03 ED 85 00 00 
ID:0x310 [8] 00 14 80 52 0A 80 66 01 
ID:0x208 [8] 00 14 01 61 00 00 70 32 
ID:0x10F [8] 1D 00 00 00 00 00 00 00 
ID:0x10C [8] 20 00 00 70 32 00 00 00 
ID:0x303 [8] 17 30 02 00 00 00 04 01 
ID:0x312 [8] 80 66 80 5C 80 5C 80 5C 
ID:0x313 [8] 80 5C 80 52 80 5C 80 5C 
ID:0x309 [8] 11 00 8D 38 FF 90 FF 95 
ID:0x314 [8] 80 66 80 66 80 66 80 66 
ID:0x202 [6] 00 00 00 00 00 00 
ID:0x31A [8] 80 5C 80 66 80 66 80 66 
ID:0x110 [8] 30 00 00 01 00 00 00 00 
ID:0x31B [8] 80 66 80 5C 00 00 00 00 
ID:0x301 [8] 92 18 03 52 00 FA 64 00 
ID:0x201 [8] 01 B3 00 03 ED 85 00 00 
ID:0x303 [8] 18 30 02 00 00 00 04 01 
ID:0x30E [8] 8C D3 8D 38 8C FD 00 00 
ID:0x341 [8] 23 00 25 45 00 64 00 00 
ID:0x10F [8] 1E 00 00 00 00 00 00 00 
ID:0x201 [8] 01 B8 00 03 ED 85 00 00 
ID:0x303 [8] 19 30 02 00 00 00 04 01 
ID:0x402 [1] 00 
ID:0x309 [8] 11 00 8D 36 FF 91 FF 92 
ID:0x30C [8] 00 00 00 00 00 00 00 00 
ID:0x201 [8] 01 BB 00 03 ED 85 00 00 
ID:0x303 [8] 1A 30 02 00 00 00 04 01 
ID:0x30E [8] 8C D7 8D 37 8C FC 00 00 
ID:0x310 [8] 00 1E 80 52 07 80 70 15 
ID:0x10F [8] 1F 00 00 00 00 00 00 00 
ID:0x10C [8] 20 00 00 70 32 00 00 00 
ID:0x311 [8] 80 66 80 66 80 5C 80 5C 
ID:0x309 [8] 11 00 8D 36 FF 93 FF 91 
ID:0x312 [8] 80 66 80 5C 80 52 80 52 
ID:0x101 [3] 11 10 01 
ID:0x110 [8] 30 00 00 01 00 00 00 00 
ID:0x200 [8] 0C 00 2C 30 00 00 00 00 
ID:0x314 [8] 80 66 80 66 80 66 80 5C 
ID:0x202 [6] 00 00 00 00 00 00 
ID:0x201 [8] 01 C0 00 03 ED 85 00 00 
ID:0x31B [8] 80 70 80 66 00 00 00 00 
ID:0x208 [8] 00 15 01 61 00 00 70 32 
ID:0x303 [8] 1B 30 02 00 00 00 04 01 
ID:0x10F [8] 10 00 00 00 00 00 00 00 
ID:0x201 [8] 01 C3 00 03 ED 85 00 00 
ID:0x303 [8] 1C 30 02 00 00 00 04 01 
ID:0x30E [8] 8C CF 8D 35 8C FB 00 00 
ID:0x309 [8] 11 00 8D 35 FF 97 FF 95 
ID:0x402 [1] 00 
ID:0x30C [8] 00 00 00 00 00 00 00 00 
ID:0x201 [8] 01 C4 00 03 ED 85 00 00 
ID:0x303 [8] 1D 30 02 00 00 00 04 01 
ID:0x208 [8] 00 14 01 62 00 00 70 32 
ID:0x400 [8] 10 02 00 FF 22 12 23 00 
ID:0x310 [8] 00 1E 80 52 11 80 70 0D 
ID:0x10F [8] 11 00 00 00 00 00 00 00 
ID:0x10C [8] 20 00 00 70 32 00 00 00 
ID:0x110 [8] 30 00 00 01 00 00 00 00 
ID:0x311 [8] 80 66 80 5C 80 66 80 66 
ID:0x312 [8] 80 66 80 66 80 5C 80 5C 
ID:0x313 [8] 80 5C 80 5C 80 5C 80 5C 
ID:0x314 [8] 80 70 80 5C 80 66 80 5C 
ID:0x303 [8] 1E 30 02 00 00 00 04 01 
ID:0x208 [8] 00 11 01 62 00 00 70 32 
ID:0x30E [8] 8C D1 8D 31 8C FA 00 00 
ID:0x31A [8] 80 52 80 66 80 66 80 66 
ID:0x202 [6] 00 00 00 00 00 00 
ID:0x31B [8] 80 66 80 66 00 00 00 00 
ID:0x301 [8] 92 18 03 52 00 FA 64 00 
ID:0x309 [8] 11 00 8D 38 FF 96 FF A0 
ID:0x127 [8] 00 00 00 00 00 00 00 00 
ID:0x303 [8] 1F 30 02 00 00 00 04 01 
ID:0x201 [8] 01 C6 00 03 ED 85 00 00 
ID:0x10F [8] 12 00 00 00 00 00 00 00 
ID:0x309 [8] 11 00 8D 3A FF 97 FF A9 
ID:0x402 [1] 00 
ID:0x303 [8] 10 30 02 00 00 00 04 01 
ID:0x201 [8] 01 C5 00 03 ED 85 00 00 
ID:0x30E [8] 8C C6 8D 33 8C F8 00 00 
ID:0x208 [8] 00 10 01 62 00 00 70 32 
ID:0x30C [8] 00 00 00 00 00 00 00 00 
ID:0x100 [8] 10 00 11 1A 00 00 00 00 
ID:0x310 [8] 00 1E 80 52 11 80 70 0D 
ID:0x10F [8] 13 00 00 00 00 00 00 00 
ID:0x10C [8] 20 00 00 70 32 00 00 00 
ID:0x300 [8] 03 52 E1 A1 04 F7 D4 68 
ID:0x311 [8] 80 66 80 66 80 66 80 66 
ID:0x303 [8] 11 30 02 00 00 00 04 01 
ID:0x313 [8] 80 5C 80 5C 80 5C 80 66 
ID:0x101 [3] 11 10 01 
ID:0x309 [8] 11 00 8D 3A FF 99 FF AE 
ID:0x314 [8] 80 70 80 66 80 66 80 5C 
ID:0x200 [8] 0C 00 2C 30 00 00 00 00 
ID:0x202 [6] 00 00 00 00 00 00 
ID:0x31A [8] 80 52 80 70 80 70 80 66 
ID:0x110 [8] 30 00 00 01 00 00 00 00 
ID:0x303 [8] 12 30 02 00 00 00 04 01 
ID:0x30E [8] 8C CC 8D 34 8C F6 00 00 
ID:0x201 [8] 01 C6 00 03 ED 85 00 00 
ID:0x208 [8] 00 0F 01 62 00 00 70 32 
ID:0x10F [8] 14 00 00 00 00 00 00 00 
ID:0x303 [8] 13 30 02 00 00 00 04 01 
ID:0x201 [8] 01 C3 00 03 ED 85 00 00 
ID:0x208 [8] 00 10 01 63 00 00 70 32 
ID:0x309 [8] 11 00 8D 3A FF 9B FF B3 
ID:0x402 [1] 00 
ID:0x30C [8] 00 00 00 00 00 00 00 00 
ID:0x400 [8] 10 02 00 FF 22 12 23 00 
ID:0x303 [8] 14 30 02 00 00 00 04 01 
ID:0x30E [8] 8C C4 8D 34 8C F4 00 00 
ID:0x310 [8] 00 14 80 5C 06 80 70 01 
ID:0x10F [8] 15 00 00 00 00 00 00 00 
ID:0x10C [8] 20 00 00 70 32 00 00 00 
ID:0x311 [8] 80 70 80 70 80 66 80 66 
ID:0x309 [8] 11 00 8D 3B FF 9F FF AF 
ID:0x208 [8] 00 0F 01 63 00 00 70 32 
ID:0x312 [8] 80 66 80 5C 80 5C 80 5C 
ID:0x313 [8] 80 5C 80 5C 80 5C 80 5C 
ID:0x110 [8] 30 00 00 01 00 00 00 00 
ID:0x314 [8] 80 70 80 66 80 70 80 5C 
ID:0x31A [8] 80 5C 80 66 80 66 80 66 
ID:0x202 [6] 00 00 00 00 00 00 
ID:0x301 [8] 92 18 03 52 00 FA 64 00 
ID:0x31B [8] 80 70 80 66 00 00 00 00 
ID:0x303 [8] 15 30 02 00 00 00 04 01 
ID:0x201 [8] 01 C2 00 03 ED 85 00 00 
ID:0x10F [8] 16 00 00 00 00 00 00 00 
ID:0x303 [8] 16 30 02 00 00 00 04 01 
ID:0x30E [8] 8C C5 8D 34 8C F3 00 00 
ID:0x309 [8] 11 00 8D 38 FF A2 FF AA 
ID:0x201 [8] 01 C0 00 03 ED 85 00 00 
ID:0x402 [1] 00 
ID:0x30C [8] 00 00 00 00 00 00 00 00 
ID:0x303 [8] 17 30 02 00 00 00 04 01 
ID:0x201 [8] 01 C1 00 03 ED 85 00 00 
ID:0x310 [8] 00 14 80 5C 06 80 70 0D 
ID:0x208 [8] 00 10 01 64 00 00 70 32 
ID:0x10F [8] 17 00 00 00 00 00 00 00 
ID:0x10C [8] 20 00 00 70 32 00 00 00 
ID:0x110 [8] 30 00 00 01 00 00 00 00 
ID:0x311 [8] 80 66 80 66 80 66 80 66 
ID:0x101 [3] 11 10 01 
ID:0x314 [8] 80 70 80 5C 80 66 80 66 
ID:0x303 [8] 18 30 02 00 00 00 04 01 
ID:0x200 [8] 0C 00 2C 30 00 00 00 00 
ID:0x30E [8] 8C BA 8D 32 8C F3 00 00 
ID:0x202 [6] 00 00 00 00 00 00 
ID:0x31B [8] 80 66 80 66 00 00 00 00 
ID:0x309 [8] 11 00 8D 39 FF A5 FF AC 
ID:0x201 [8] 01 BF 00 03 ED 85 00 00 
ID:0x303 [8] 19 30 02 00 00 00 04 01 
ID:0x341 [8] 23 00 25 45 00 64 03 00 
ID:0x10F [8] 18 00 00 00 00 00 00 00 
ID:0x309 [8] 11 00 8D 38 FF A9 FF AA 
ID:0x201 [8] 01 C1 00 03 ED 85 00 00 
ID:0x303 [8] 1A 30 02 00 00 00 04 01 
ID:0x30E [8] 8C C2 8D 31 8C F3 00 00 
ID:0x402 [1] 00 
ID:0x30C [8] 00 00 00 00 00 00 00 00 
ID:0x208 [8] 00 10 01 65 00 00 70 32 
ID:0x400 [8] 10 02 00 FF 22 12 23 00 
ID:0x322 [8] 31 2F 00 00 00 00 00 00 
ID:0x310 [8] 00 14 80 5C 03 80 70 0F 
ID:0x10F [8] 19 00 00 00 00 00 00 00 
ID:0x10C [8] 20 00 00 70 32 00 00 00 
ID:0x311 [8] 80 66 80 66 80 5C 80 66 
ID:0x303 [8] 1B 30 02 00 00 00 04 01 
ID:0x312 [8] 80 66 80 66 80 5C 80 5C 
ID:0x309 [8] 11 00 8D 38 FF AB FF A9 
ID:0x314 [8] 80 66 80 66 80 70 80 5C 
ID:0x201 [8] 01 C3 00 03 ED 85 00 00 
ID:0x110 [8] 30 00 00 01 00 00 00 00 
ID:0x301 [8] 92 18 03 52 00 FA 64 00 
ID:0x31B [8] 80 66 80 5C 00 00 00 00 
ID:0x202 [6] 00 00 00 00 00 00 
ID:0x303 [8] 1C 30 02 00 00 00 04 01 
ID:0x30E [8] 8C CA 8D 30 8C F3 00 00 
ID:0x10F [8] 1A 00 00 00 00 00 00 00 
ID:0x201 [8] 01 C2 00 03 ED 85 00 00 
ID:0x303 [8] 1D 30 02 00 00 00 04 01 
ID:0x402 [1] 00 
ID:0x309 [8] 11 00 8D 37 FF AC FF AA 
ID:0x30C [8] 00 00 00 00 00 00 00 00 
ID:0x201 [8] 01 C1 00 03 ED 85 00 00 
ID:0x303 [8] 1E 30 02 00 00 00 04 01 
ID:0x30E [8] 8C D0 8D 2F 8C F3 00 00 
ID:0x310 [8] 00 1E 80 52 11 80 70 0D 
ID:0x10F [8] 1B 00 00 00 00 00 00 00 
ID:0x10C [8] 20 00 00 70 32 00 00 00 
ID:0x311 [8] 80 66 80 66 80 5C 80 5C 
ID:0x309 [8] 11 00 8D 36 FF AC FF AB 
ID:0x312 [8] 80 66 80 5C 80 5C 80 5C 
ID:0x313 [8] 80 66 80 5C 80 5C 80 5C 
ID:0x101 [3] 11 10 01 
ID:0x110 [8] 30 00 00 01 00 00 00 00 
ID:0x314 [8] 80 70 80 5C 80 5C 80 66 
ID:0x31A [8] 80 52 80 66 80 5C 80 5C 
ID:0x200 [8] 0C 00 2C 30 00 00 00 00 
ID:0x202 [6] 00 00 00 00 00 00 
ID:0x303 [8] 1F 30 02 00 00 00 04 01 
ID:0x201 [8] 01 C2 00 03 ED 85 00 00 
ID:0x10F [8] 1C 00 00 00 00 00 00 00 
ID:0x303 [8] 10 30 02 00 00 00 04 01 
ID:0x30E [8] 8C C8 8D 2F 8C F3 00 00 
ID:0x309 [8] 11 00 8D 37 FF AC FF AB 
ID:0x30C [8] 00 00 00 00 00 00 00 00 
ID:0x402 [1] 00 
ID:0x303 [8] 11 30 02 00 00 00 04 01 
ID:0x400 [8] 10 02 00 FF 22 12 23 00 
ID:0x310 [8] 00 14 80 5C 05 80 70 13 
ID:0x10F [8] 1D 00 00 00 00 00 00 00 
ID:0x10C [8] 20 00 00 70 32 00 00 00 
ID:0x311 [8] 80 66 80 66 80 66 80 66 
ID:0x110 [8] 30 00 00 01 00 00 00 00 
ID:0x312 [8] 80 5C 80 5C 80 5C 80 5C 
ID:0x201 [8] 01 C0 00 03 ED 85 00 00 
ID:0x313 [8] 80 5C 80 5C 80 5C 80 5C 
ID:0x208 [8] 00 10 01 66 00 00 70 32 
ID:0x314 [8] 80 66 80 5C 80 66 80 5C 
ID:0x303 [8] 12 30 02 00 00 00 04 01 
ID:0x30E [8] 8C CB 8D 2B 8C F3 00 00 
ID:0x31A [8] 80 5C 80 5C 80 70 80 70 
ID:0x31B [8] 80 66 80 66 00 00 00 00 
ID:0x301 [8] 92 18 03 52 00 FA 64 00 
ID:0x202 [6] 00 00 00 00 00 00 
ID:0x309 [8] 11 00 8D 38 FF AB FF AA 
ID:0x201 [8] 01 C1 00 03 ED 85 00 00 
ID:0x303 [8] 13 30 02 00 00 00 04 01 
ID:0x10F [8] 1E 00 00 00 00 00 00 00 
ID:0x309 [8] 11 00 8D 36 FF AA FF A7 
ID:0x201 [8] 01 C2 00 03 ED 85 00 00 
ID:0x402 [1] 00 
ID:0x303 [8] 14 30 02 00 00 00 04 01 
ID:0x30E [8] 8C D1 8D 2B 8C F4 00 00 
ID:0x30C [8] 00 00 00 00 00 00 00 00 
ID:0x310 [8] 00 1E 80 52 07 80 70 0D 
ID:0x201 [8] 01 C0 00 03 ED 85 00 00 
ID:0x10F [8] 1F 00 00 00 00 00 00 00 
ID:0x10C [8] 20 00 00 70 32 00 00 00 
ID:0x311 [8] 80 5C 80 5C 80 66 80 5C 
ID:0x208 [8] 00 10 01 67 00 00 70 32 
ID:0x303 [8] 15 30 02 00 00 00 04 01 
ID:0x312 [8] 80 5C 80 5C 80 52 80 52 
ID:0x313 [8] 80 52 80 5C 80 5C 80 5C 
ID:0x101 [3] 11 10 01 
ID:0x309 [8] 11 00 8D 34 FF AA FF A6 
ID:0x314 [8] 80 70 80 66 80 70 80 5C 
ID:0x31A [8] 80 5C 80 66 80 5C 80 5C 
ID:0x200 [8] 0C 00 2C 30 00 00 00 00 
ID:0x31B [8] 80 66 80 5C 00 00 00 00 
ID:0x110 [8] 30 00 00 01 00 00 00 00 
ID:0x202 [6] 00 00 00 00 00 00 
ID:0x201 [8] 01 C2 00 03 ED 85 00 00 
ID:0x303 [8] 16 30 02 00 00 00 04 01 
ID:0x30E [8] 8C D7 8D 2B 8C F4 00 00 
ID:0x10F [8] 10 00 00 00 00 00 00 00 
ID:0x201 [8] 01 C3 00 03 ED 85 00 00 
ID:0x303 [8] 17 30 02 00 00 00 04 01 
ID:0x309 [8] 11 00 8D 35 FF A9 FF A8 
ID:0x30C [8] 00 00 00 00 00 00 00 00 
ID:0x402 [1] 00 
ID:0x102 [3] 31 00 00 
ID:0x400 [8] 10 02 00 FF 22 12 23 00 
ID:0x303 [8] 18 30 02 00 00 00 04 01 
ID:0x201 [8] 01 CB 00 03 ED 85 00 00 
ID:0x208 [8] 00 10 01 68 00 00 70 32 
ID:0x30E [8] 8C DA 8D 29 8C F2 00 00 
ID:0x310 [8] 00 1E 80 20 07 80 3E 03 
ID:0x10F [8] 11 00 00 00 00 00 00 00 
ID:0x10C [8] 20 00 00 70 32 00 00 00 
ID:0x311 [8] 80 34 80 34 80 3E 80 34 
ID:0x309 [8] 11 00 8D 01 FF A9 FE BF 
ID:0x312 [8] 80 34 80 2A 80 20 80 20 
ID:0x313 [8] 80 2A 80 2A 80 20 80 34 
ID:0x110 [8] 30 00 00 01 00 00 00 00 
ID:0x314 [8] 80 3E 80 2A 80 34 80 34 
ID:0x31A [8] 80 2A 80 34 80 3E 80 34 
ID:0x301 [8] 92 18 03 52 00 FA 64 00 
ID:0x31B [8] 80 34 80 2A 00 00 00 00 
ID:0x303 [8] 19 30 02 00 00 00 04 01 
ID:0x201 [8] 01 E8 00 03 ED 85 00 00 
ID:0x208 [8] 00 2F 01 68 00 00 70 32 
ID:0x202 [6] 00 00 00 00 00 00 
ID:0x341 [8] 23 00 25 47 00 64 03 00 
ID:0x10F [8] 12 00 00 00 00 00 00 00 
ID:0x303 [8] 1A 30 02 00 00 00 04 01 
ID:0x201 [8] 01 ED 00 03 ED 85 00 00 
ID:0x30E [8] 8C D9 8D 29 8C F1 00 00 
ID:0x208 [8] 00 17 01 69 00 00 70 32 
ID:0x309 [8] 11 00 8D 2C FF 8C FF 94 
ID:0x30C [8] 00 00 00 00 00 00 00 00 
ID:0x303 [8] 1B 30 02 00 00 00 04 01 
ID:0x402 [1] 00 
ID:0x310 [8] 00 1E 80 48 07 80 66 0D 
ID:0x10F [8] 13 00 00 00 00 00 00 00 
ID:0x10C [8] 20 00 00 70 32 00 00 00 
ID:0x311 [8] 80 5C 80 5C 80 52 80 52 
ID:0x110 [8] 30 00 00 01 00 00 00 00 
ID:0x312 [8] 80 5C 80 52 80 48 80 52 
ID:0x313 [8] 80 52 80 52 80 52 80 5C 
ID:0x101 [3] 11 10 01 
ID:0x314 [8] 80 66 80 52 80 5C 80 52 
ID:0x303 [8] 1C 30 02 00 00 00 04 01 
ID:0x30E [8] 8C C8 8D 26 8C ED 00 00 
ID:0x31A [8] 80 52 80 5C 80 5C 80 52 
ID:0x201 [8] 01 EC 00 03 ED 86 00 00 
ID:0x31B [8] 80 5C 80 5C 00 00 00 00 
ID:0x208 [8] 00 13 01 69 00 00 70 32 
ID:0x309 [8] 11 00 8D 2C FF 89 FF 97 
ID:0x202 [6] 00 00 00 00 00 00 
ID:0x200 [8] 0C 00 2C 30 00 00 00 00 
ID:0x303 [8] 1D 30 02 00 00 00 04 01 
ID:0x341 [8] 23 00 25 45 00 64 03 00 
ID:0x201 [8] 01 ED 00 03 ED 86 00 00 
ID:0x10F [8] 14 00 00 00 00 00 00 00 
ID:0x208 [8] 00 11 01 69 00 00 70 32 
ID:0x309 [8] 11 00 8D 2E FF 87 FF A2 
ID:0x303 [8] 1E 30 02 00 00 00 04 01 
ID:0x402 [1] 00 
ID:0x30E [8] 8C CC 8D 26 8C EC 00 00 
ID:0x30C [8] 00 00 00 00 00 00 00 00 
ID:0x201 [8] 01 EC 00 03 ED 86 00 00 
ID:0x400 [8] 10 02 00 FF 22 12 23 00 
ID:0x310 [8] 00 14 80 52 07 80 66 03 
ID:0x10F [8] 15 00 00 00 00 00 00 00 
ID:0x10C [8] 20 00 00 70 32 00 00 00 
ID:0x311 [8] 80 5C 80 5C 80 66 80 5C 
ID:0x303 [8] 1F 30 02 00 00 00 04 01 
ID:0x312 [8] 80 5C 80 5C 80 52 80 52 
ID:0x313 [8] 80 52 80 52 80 5C 80 5C 
ID:0x309 [8] 11 00 8D 31 FF 85 FF A9 
ID:0x314 [8] 80 66 80 5C 80 66 80 5C 
ID:0x31A [8] 80 52 80 5C 80 5C 80 5C 
ID:0x301 [8] 92 18 03 52 00 FA 64 00 
ID:0x110 [8] 30 00 00 01 00 00 00 00 
ID:0x202 [6] 00 00 00 00 00 00 
ID:0x303 [8] 10 30 02 00 00 00 04 01 
ID:0x30E [8] 8C BF 8D 26 8C EA 00 00 
ID:0x208 [8] 00 10 01 69 00 00 70 32 
ID:0x10F [8] 16 00 00 00 00 00 00 00 
ID:0x303 [8] 11 30 02 00 00 00 04 01 
ID:0x309 [8] 11 00 8D 31 FF 85 FF A5 
ID:0x201 [8] 01 EB 00 03 ED 86 00 00 
ID:0x30C [8] 00 00 00 00 00 00 00 00 
ID:0x402 [1] 00 
ID:0x100 [8] 10 00 11 1A 00 00 00 00 
ID:0x300 [8] 03 52 E1 A1 04 F7 D4 68 
ID:0x303 [8] 12 30 02 00 00 00 04 01 
ID:0x30E [8] 8C C4 8D 25 8C E9 00 00 
ID:0x310 [8] 00 1E 80 48 07 80 66 01 
ID:0x10F [8] 17 00 00 00 00 00 00 00 
ID:0x10C [8] 20 00 00 70 32 00 00 00 
ID:0x311 [8] 80 66 80 5C 80 5C 80 5C 
ID:0x309 [8] 11 00 8D 31 FF 85 FF A7 
ID:0x312 [8] 80 5C 80 52 80 48 80 5C 
ID:0x201 [8] 01 EA 00 03 ED 86 00 00 
ID:0x208 [8] 00 10 01 6A 00 00 70 32 
ID:0x313 [8] 80 5C 80 52 80 5C 80 52 
ID:0x101 [3] 11 10 01 
ID:0x110 [8] 30 00 00 01 00 00 00 00 
ID:0x314 [8] 80 5C 80 66 80 66 80 5C 
ID:0x31A [8] 80 52 80 5C 80 66 80 5C 
ID:0x200 [8] 0C 00 2C 30 00 00 00 00 
ID:0x303 [8] 13 30 02 00 00 00 04 01 
ID:0x202 [6] 00 00 00 00 00 00 
ID:0x201 [8] 01 E7 00 03 ED 86 00 00 
ID:0x208 [8] 00 11 01 6A 00 00 70 32 
ID:0x10F [8] 18 00 00 00 00 00 00 00 
ID:0x303 [8] 14 30 02 00 00 00 04 01 
ID:0x30E [8] 8C C9 8D 24 8C E9 00 00 
ID:0x309 [8] 11 00 8D 2F FF 85 FF A8 
ID:0x402 [1] 00 
ID:0x30C [8] 00 00 00 00 00 00 00 00 
ID:0x303 [8] 15 30 02 00 00 00 04 01 
ID:0x400 [8] 10 02 00 FF 22 12 23 00 
ID:0x310 [8] 00 14 80 52 03 80 66 0D 
ID:0x201 [8] 01 E9 00 03 ED 86 00 00 
ID:0x10F [8] 19 00 00 00 00 00 00 00 
ID:0x10C [8] 20 00 00 70 32 00 00 00 
ID:0x311 [8] 80 5C 80 5C 80 52 80 5C 
ID:0x110 [8] 30 00 00 01 00 00 00 00 
ID:0x312 [8] 80 5C 80 5C 80 5C 80 52 
ID:0x313 [8] 80 52 80 52 80 52 80 5C 
ID:0x314 [8] 80 66 80 5C 80 5C 80 5C 
ID:0x303 [8] 16 30 02 00 00 00 04 01 
ID:0x30E [8] 8C CB 8D 22 8C EA 00 00 
ID:0x31A [8] 80 52 80 5C 80 5C 80 5C 
ID:0x31B [8] 80 5C 80 52 00 00 00 00 
ID:0x301 [8] 92 18 03 52 00 FA 64 00 
ID:0x309 [8] 11 00 8D 2F FF 85 FF A2 
ID:0x202 [6] 00 00 00 00 00 00 
ID:0x201 [8] 01 E6 00 03 ED 86 00 00 
ID:0x208 [8] 00 11 01 6B 00 00 70 32 
ID:0x303 [8] 17 30 02 00 00 00 04 01 
ID:0x10F [8] 1A 00 00 00 00 00 00 00 
ID:0x309 [8] 11 00 8D 2F FF A2 FF A2 
ID:0x201 [8] 01 E9 00 03 ED 86 00 00 
ID:0x303 [8] 18 30 02 00 00 00 04 01 
ID:0x30E [8] 8C CE 8D 24 8C E9 00 00 
ID:0x402 [1] 00 
ID:0x30C [8] 00 00 00 00 00 00 00 00 
ID:0x201 [8] 01 E8 00 03 ED 86 00 00 
ID:0x310 [8] 00 1E 80 48 06 80 66 0D 
ID:0x10F [8] 1B 00 00 00 00 00 00 00 
ID:0x10C [8] 20 00 00 70 32 00 00 00 
ID:0x303 [8] 19 30 02 00 00 00 04 01 
ID:0x312 [8] 80 5C 80 48 80 48 80 52 
ID:0x313 [8] 80 52 80 52 80 52 80 52 
ID:0x101 [3] 11 10 01 
ID:0x309 [8] 11 00 8D 2D FF A3 FF A1 
ID:0x314 [8] 80 66 80 5C 80 66 80 5C 
ID:0x31A [8] 80 52 80 5C 80 5C 80 52 
ID:0x31B [8] 80 5C 80 5C 00 00 00 00 
ID:0x110 [8] 30 00 00 01 00 00 00 00 
ID:0x208 [8] 00 11 01 6C 00 00 70 32 
ID:0x202 [6] 00 00 00 00 00 00 
ID:0x200 [8] 0C 00 2C 30 00 00 00 00 
ID:0x303 [8] 1A 30 02 00 00 00 04 01 
ID:0x30E [8] 8C CA 8D 24 8C E9 00 00 
ID:0x341 [8] 23 00 25 46 00 64 03 00 
ID:0x10F [8] 1C 00 00 00 00 00 00 00 
ID:0x201 [8] 01 E9 00 03 ED 86 00 00 
ID:0x303 [8] 1B 30 02 00 00 00 04 01 
ID:0x309 [8] 11 00 8D 2F FF A5 FF A0 
ID:0x30C [8] 00 00 00 00 00 00 00 00 
ID:0x402 [1] 00 
ID:0x303 [8] 1C 30 02 00 00 00 04 01 
ID:0x30E [8] 8C CD 8D 25 8C E7 00 00 
ID:0x310 [8] 00 1E 80 48 11 80 66 0D 
ID:0x400 [8] 10 02 00 FF 22 12 23 00 
ID:0x10F [8] 1D 00 00 00 00 00 00 00 
ID:0x10C [8] 20 00 00 70 32 00 00 00 
ID:0x311 [8] 80 5C 80 5C 80 52 80 52 
ID:0x309 [8] 11 00 8D 2B FF A4 FF A0 
ID:0x312 [8] 80 52 80 52 80 52 80 52 
ID:0x110 [8] 30 00 00 01 00 00 00 00 
ID:0x314 [8] 80 66 80 5C 80 5C 80 52 
ID:0x31A [8] 80 48 80 5C 80 5C 80 5C 
ID:0x201 [8] 01 EA 00 03 ED 86 00 00 
ID:0x301 [8] 92 18 03 52 00 FA 64 00 
ID:0x31B [8] 80 5C 80 52 00 00 00 00 
ID:0x303 [8] 1D 30 02 00 00 00 04 01 
ID:0x202 [6] 00 00 00 00 00 00 
ID:0x201 [8] 01 E9 00 03 ED 86 00 00 
ID:0x10F [8] 1E 00 00 00 00 00 00 00 
ID:0x303 [8] 1E 30 02 00 00 00 04 01 
ID:0x30E [8] 8C CF 8D 25 8C E8 00 00 
ID:0x309 [8] 11 00 8D 2C FF A3 FF A6 
ID:0x201 [8] 01 E7 00 03 ED 86 00 00 
ID:0x30C [8] 00 00 00 00 00 00 00 00 
ID:0x303 [8] 1F 30 02 00 00 00 04 01 
ID:0x402 [1] 00 
ID:0x310 [8] 00 1E 80 48 11 80 66 0D 
ID:0x10F [8] 1F 00 00 00 00 00 00 00 
ID:0x10C [8] 20 00 00 70 32 00 00 00 
ID:0x110 [8] 30 00 00 01 00 00 00 00 
ID:0x312 [8] 80 5C 80 52 80 52 80 52 
ID:0x313 [8] 80 52 80 52 80 52 80 5C 
ID:0x101 [3] 11 10 01 
ID:0x201 [8] 01 E9 00 03 ED 86 00 00 
ID:0x314 [8] 80 66 80 5C 80 5C 80 5C 
ID:0x303 [8] 10 30 02 00 00 00 04 01 
ID:0x208 [8] 00 13 01 6D 00 00 70 32 
ID:0x30E [8] 8C D0 8D 21 8C E5 00 00 
ID:0x31B [8] 80 52 80 48 00 00 00 00 
ID:0x309 [8] 11 00 8D 2C FF A3 FF A0 
ID:0x200 [8] 0C 00 2C 30 00 00 00 00 
ID:0x202 [6] 00 00 00 00 00 00 
ID:0x303 [8] 11 30 02 00 00 00 04 01 
ID:0x10F [8] 10 00 00 00 00 00 00 00 
ID:0x309 [8] 11 00 8D 2E FF A2 FF A3 
ID:0x303 [8] 12 30 02 00 00 00 04 01 
ID:0x201 [8] 01 EA 00 03 ED 86 00 00 
ID:0x30E [8] 8C D4 8D 22 8C E5 00 00 
ID:0x30C [8] 00 00 00 00 00 00 00 00 
ID:0x402 [1] 00 
ID:0x310 [8] 00 14 80 52 03 80 66 0D 
ID:0x10F [8] 11 00 00 00 00 00 00 00 
ID:0x10C [8] 20 00 00 70 32 00 00 00 
ID:0x400 [8] 10 02 00 FF 22 12 23 00 
ID:0x303 [8] 13 30 02 00 00 00 04 01 
ID:0x312 [8] 80 52 80 52 80 5C 80 52 
ID:0x201 [8] 01 E9 00 03 ED 86 00 00 
ID:0x208 [8] 00 11 01 6D 00 00 70 32 
ID:0x313 [8] 80 52 80 52 80 52 80 52 
ID:0x309 [8] 11 00 8D 2C FF A2 FF A2 
ID:0x314 [8] 80 66 80 52 80 5C 80 5C 
ID:0x31A [8] 80 52 80 52 80 5C 80 5C 
ID:0x31B [8] 80 5C 80 52 00 00 00 00 
ID:0x301 [8] 92 18 03 52 00 FA 64 00 
ID:0x110 [8] 30 00 00 01 00 00 00 00 
ID:0x202 [6] 00 00 00 00 00 00 
ID:0x303 [8] 14 30 02 00 00 00 04 01 
ID:0x201 [8] 01 EA 00 03 ED 86 00 00 
ID:0x30E [8] 8C D9 8D 22 8C E5 00 00 
ID:0x208 [8] 00 11 01 6E 00 00 70 32 
ID:0x341 [8] 23 00 25 45 00 64 03 00 
ID:0x10F [8] 12 00 00 00 00 00 00 00 
ID:0x303 [8] 15 30 02 00 00 00 04 01 
ID:0x201 [8] 01 E8 00 03 ED 86 00 00 
ID:0x309 [8] 11 00 8D 2C FF A2 FF A4 
ID:0x30C [8] 00 00 00 00 00 00 00 00 
ID:0x402 [1] 00 
ID:0x303 [8] 16 30 02 00 00 00 04 01 
ID:0x30E [8] 8C D8 8D 23 8C E5 00 00 
ID:0x310 [8] 00 14 80 48 07 80 5C 01 
ID:0x10F [8] 13 00 00 00 00 00 00 00 
ID:0x10C [8] 20 00 00 70 32 00 00 00 
ID:0x311 [8] 80 5C 80 52 80 5C 80 5C 
ID:0x309 [8] 11 00 8D 2B FF A2 FF A0 
ID:0x312 [8] 80 5C 80 52 80 48 80 52 
ID:0x313 [8] 80 48 80 52 80 52 80 52 
ID:0x101 [3] 11 10 01 
ID:0x110 [8] 30 00 00 01 00 00 00 00 
ID:0x314 [8] 80 5C 80 5C 80 5C 80 52 
ID:0x31A [8] 80 52 80 5C 80 5C 80 52 
ID:0x303 [8] 17 30 02 00 00 00 04 01 
ID:0x201 [8] 01 E9 00 03 ED 86 00 00 
ID:0x202 [6] 00 00 00 00 00 00 
ID:0x200 [8] 0C 00 2C 30 00 00 00 00 
ID:0x341 [8] 23 00 25 46 00 64 03 00 
ID:0x10F [8] 14 00 00 00 00 00 00 00 
ID:0x303 [8] 18 30 02 00 00 00 04 01 
ID:0x30E [8] 8C D9 8D 23 8C E5 00 00 
ID:0x201 [8] 01 E8 00 03 ED 86 00 00 
ID:0x309 [8] 11 00 8D 2A FF A2 FF A4 
ID:0x208 [8] 00 11 01 6F 00 00 70 32 
ID:0x30C [8] 00 00 00 00 00 00 00 00 
ID:0x402 [1] 00 
ID:0x303 [8] 19 30 02 00 00 00 04 01 
ID:0x400 [8] 10 02 00 FF 22 12 23 00 
ID:0x201 [8] 01 E9 00 03 ED 86 00 00 
ID:0x310 [8] 00 1E 80 48 07 80 66 0D 
ID:0x10F [8] 15 00 00 00 00 00 00 00 
ID:0x10C [8] 20 00 00 70 32 00 00 00 
ID:0x311 [8] 80 5C 80 5C 80 5C 80 5C 
ID:0x110 [8] 30 00 00 01 00 00 00 00 
ID:0x312 [8] 80 5C 80 52 80 48 80 48 
ID:0x313 [8] 80 52 80 48 80 52 80 52 
ID:0x314 [8] 80 66 80 5C 80 5C 80 48 
ID:0x303 [8] 1A 30 02 00 00 00 04 01 
ID:0x30E [8] 8C DA 8D 1E 8C E2 00 00 
ID:0x31A [8] 80 48 80 5C 80 5C 80 5C 
ID:0x301 [8] 92 18 03 52 00 FA 64 00 
ID:0x309 [8] 11 00 8D 2B FF A2 FF A3 
ID:0x202 [6] 00 00 00 00 00 00 
ID:0x303 [8] 1B 30 02 00 00 00 04 01 
ID:0x10F [8] 16 00 00 00 00 00 00 00 
ID:0x309 [8] 11 00 8D 28 FF A3 FF A3 
ID:0x201 [8] 01 E8 00 03 ED 86 00 00 
ID:0x303 [8] 1C 30 02 00 00 00 04 01 
ID:0x30E [8] 8C DF 8D 1F 8C E3 00 00 
ID:0x30C [8] 00 00 00 00 00 00 00 00 
ID:0x402 [1] 00 
ID:0x201 [8] 01 E7 00 03 ED 86 00 00 
ID:0x208 [8] 00 11 01 70 00 00 70 32 
ID:0x310 [8] 00 1E 80 48 07 80 66 13 
ID:0x10F [8] 17 00 00 00 00 00 00 00 
ID:0x10C [8] 20 00 00 70 32 00 00 00 
ID:0x311 [8] 80 5C 80 5C 80 52 80 5C 
ID:0x303 [8] 1D 30 02 00 00 00 04 01 
ID:0x312 [8] 80 52 80 52 80 48 80 52 
ID:0x313 [8] 80 5C 80 48 80 52 80 52 
ID:0x101 [3] 11 10 01 
ID:0x309 [8] 11 00 8D 2C FF A2 FF A5 
ID:0x314 [8] 80 5C 80 5C 80 5C 80 52 
ID:0x31A [8] 80 48 80 5C 80 66 80 5C 
ID:0x201 [8] 01 E5 00 03 ED 86 00 00 
ID:0x31B [8] 80 5C 80 5C 00 00 00 00 
ID:0x110 [8] 30 00 00 01 00 00 00 00 
ID:0x200 [8] 0C 00 2C 30 00 00 00 00 
ID:0x202 [6] 00 00 00 00 00 00 
ID:0x303 [8] 1E 30 02 00 00 00 04 01 
ID:0x30E [8] 8C E1 8D 20 8C E5 00 00 
ID:0x201 [8] 01 E8 00 03 ED 86 00 00 
ID:0x10F [8] 18 00 00 00 00 00 00 00 
ID:0x303 [8] 1F 30 02 00 00 00 04 01 
ID:0x309 [8] 11 00 8D 2A FF A3 FF A1 
ID:0x201 [8] 01 E7 00 03 ED 86 00 00 
ID:0x30C [8] 00 00 00 00 00 00 00 00 
ID:0x303 [8] 10 30 02 00 00 00 04 01 
ID:0x402 [1] 00 
ID:0x30E [8] 8C D8 8D 21 8C E6 00 00 
ID:0x310 [8] 00 14 80 48 07 80 5C 01 
ID:0x10F [8] 19 00 00 00 00 00 00 00 
ID:0x10C [8] 20 00 00 70 32 00 00 00 
ID:0x311 [8] 80 5C 80 5C 80 5C 80 52 
ID:0x309 [8] 11 00 8D 2A FF A3 FF A0 
ID:0x400 [8] 10 02 00 FF 22 12 23 00 
ID:0x312 [8] 80 5C 80 52 80 48 80 52 
ID:0x313 [8] 80 52 80 48 80 48 80 48 
ID:0x110 [8] 30 00 00 01 00 00 00 00 
ID:0x201 [8] 01 E9 00 03 ED 86 00 00 
ID:0x31A [8] 80 48 80 5C 80 5C 80 5C 
ID:0x301 [8] 92 18 03 52 00 FA 64 00 
ID:0x31B [8] 80 5C 80 52 00 00 00 00 
ID:0x303 [8] 11 30 02 00 00 00 04 01 
ID:0x202 [6] 00 00 00 00 00 00 
ID:0x201 [8] 01 E8 00 03 ED 86 00 00 
ID:0x208 [8] 00 13 01 70 00 00 70 32 
ID:0x10F [8] 1A 00 00 00 00 00 00 00 
ID:0x303 [8] 12 30 02 00 00 00 04 01 
ID:0x30E [8] 8C DA 8D 22 8C E4 00 00 
ID:0x309 [8] 11 00 8D 26 FF A3 FF 9D 
ID:0x201 [8] 01 EA 00 03 ED 86 00 00 
ID:0x30C [8] 00 00 00 00 00 00 00 00 
ID:0x303 [8] 13 30 02 00 00 00 04 01 
ID:0x402 [1] 00 
ID:0x100 [8] 10 00 11 1A 00 00 00 00 
ID:0x310 [8] 00 14 80 48 08 80 5C 01 
ID:0x10F [8] 1B 00 00 00 00 00 00 00 
ID:0x10C [8] 20 00 00 70 32 00 00 00 
ID:0x311 [8] 80 5C 80 52 80 52 80 52 
ID:0x110 [8] 30 00 00 01 00 00 00 00 
ID:0x312 [8] 80 52 80 5C 80 52 80 48 
ID:0x201 [8] 01 EB 00 03 ED 86 00 00 
ID:0x208 [8] 00 13 01 71 00 00 70 32 
ID:0x313 [8] 80 48 80 48 80 52 80 48 
ID:0x101 [3] 11 10 01 
ID:0x300 [8] 03 52 E1 A1 04 F7 D4 68 
ID:0x314 [8] 80 5C 80 52 80 5C 80 52 
ID:0x303 [8] 14 30 02 00 00 00 04 01 
ID:0x30E [8] 8C DB 8D 1D 8C E3 00 00 
ID:0x31A [8] 80 52 80 5C 80 5C 80 52 
ID:0x309 [8] 11 00 8D 28 FF A2 FF A1 
ID:0x200 [8] 0C 00 2C 30 00 00 00 00 
ID:0x102 [3] 30 00 00 
ID:0x201 [8] 01 E9 00 03 ED 86 00 00 
ID:0x208 [8] 00 11 01 71 00 00 70 32 
ID:0x202 [6] 00 00 00 00 00 00 
ID:0x303 [8] 15 30 02 00 00 00 04 01 
ID:0x10F [8] 1C 00 00 00 00 00 00 00 
ID:0x309 [8] 11 00 8D 29 FF A2 FF A4 
ID:0x303 [8] 16 30 02 00 00 00 04 01 
ID:0x30E [8] 8C E0 8D 1F 8C E3 00 00 
ID:0x30C [8] 00 00 00 00 00 00 00 00 
ID:0x402 [1] 00 
ID:0x400 [8] 10 02 00 FF 22 12 23 00 
ID:0x310 [8] 00 1E 80 48 07 80 66 0D 
ID:0x201 [8] 01 E7 00 03 ED 86 00 00 
ID:0x10F [8] 1D 00 00 00 00 00 00 00 
ID:0x10C [8] 20 00 00 70 32 00 00 00 
ID:0x311 [8] 80 5C 80 5C 80 52 80 52 
ID:0x303 [8] 17 30 02 00 00 00 04 01 
ID:0x312 [8] 80 5C 80 52 80 48 80 48 
ID:0x313 [8] 80 48 80 48 80 52 80 52 
ID:0x309 [8] 11 00 8D 29 FF A2 FF A7 
ID:0x314 [8] 80 66 80 5C 80 5C 80 52 
ID:0x31A [8] 80 48 80 5C 80 5C 80 52 
ID:0x301 [8] 92 18 03 52 00 FA 64 00 
ID:0x110 [8] 30 00 00 01 00 00 00 00 
ID:0x201 [8] 01 E6 00 03 ED 86 00 00 
ID:0x303 [8] 18 30 02 00 00 00 04 01 
ID:0x202 [6] 00 00 00 00 00 00 
ID:0x30E [8] 8C E2 8D 20 8C E1 00 00 
ID:0x10F [8] 1E 00 00 00 00 00 00 00 
ID:0x201 [8] 01 E5 00 03 ED 86 00 00 
ID:0x208 [8] 00 10 01 71 00 00 70 32 
ID:0x303 [8] 19 30 02 00 00 00 04 01 
ID:0x309 [8] 11 00 8D 2C FF A2 FF B4 
ID:0x30C [8] 00 00 00 00 00 00 00 00 
ID:0x402 [1] 00 
ID:0x303 [8] 1A 30 02 00 00 00 04 01 
ID:0x208 [8] 00 0F 01 72 00 00 70 32 
ID:0x30E [8] 8C E2 8D 20 8C E3 00 00 
ID:0x310 [8] 00 1E 80 48 07 80 66 0D 
ID:0x10F [8] 1F 00 00 00 00 00 00 00 
ID:0x10C [8] 20 00 00 70 32 00 00 00 
ID:0x311 [8] 80 5C 80 5C 80 5C 80 52 
ID:0x309 [8] 11 00 8D 2D FF A4 FF B4 
ID:0x312 [8] 80 5C 80 52 80 48 80 52 
ID:0x313 [8] 80 52 80 48 80 48 80 5C 
ID:0x101 [3] 11 10 01 
ID:0x110 [8] 30 00 00 01 00 00 00 00 
ID:0x314 [8] 80 66 80 5C 80 5C 80 5C 
ID:0x31A [8] 80 52 80 5C 80 66 80 5C 
ID:0x201 [8] 01 E3 00 03 ED 86 00 00 
ID:0x303 [8] 1B 30 02 00 00 00 04 01 
ID:0x200 [8] 0C 00 2C 30 00 00 00 00 
ID:0x202 [6] 00 00 00 00 00 00 
ID:0x10F [8] 10 00 00 00 00 00 00 00 
ID:0x303 [8] 1C 30 02 00 00 00 04 01 
ID:0x201 [8] 01 E2 00 03 ED 86 00 00 
ID:0x30E [8] 8C E1 8D 21 8C E3 00 00 
ID:0x309 [8] 11 00 8D 2A FF A6 FF A9 
ID:0x30C [8] 00 00 00 00 00 00 00 00 
ID:0x303 [8] 1D 30 02 00 00 00 04 01 
ID:0x201 [8] 01 E0 00 03 ED 86 00 00 
ID:0x402 [1] 00 
ID:0x310 [8] 00 1E 80 48 06 80 66 0D 
ID:0x400 [8] 10 02 00 FF 22 12 23 00 
ID:0x10F [8] 11 00 00 00 00 00 00 00 
ID:0x10C [8] 20 00 00 70 32 00 00 00 
ID:0x311 [8] 80 5C 80 5C 80 5C 80 5C 
ID:0x110 [8] 30 00 00 01 00 00 00 00 
ID:0x312 [8] 80 5C 80 48 80 48 80 48 
ID:0x313 [8] 80 52 80 52 80 52 80 52 
ID:0x314 [8] 80 66 80 52 80 5C 80 52 
ID:0x303 [8] 1E 30 02 00 00 00 04 01 
ID:0x30E [8] 8C E0 8D 1F 8C E0 00 00 
ID:0x31A [8] 80 52 80 5C 80 5C 80 5C 
ID:0x201 [8] 01 E0 00 03 ED 87 00 00 
ID:0x301 [8] 92 18 03 52 00 FA 64 00 
ID:0x309 [8] 11 00 8D 2B FF A7 FF AD 
ID:0x202 [6] 00 00 00 00 00 00 
ID:0x303 [8] 1F 30 02 00 00 00 04 01 
ID:0x201 [8] 01 DC 00 03 ED 87 00 00 
ID:0x10F [8] 12 00 00 00 00 00 00 00 
ID:0x208 [8] 00 0F 01 73 00 00 70 32 
ID:0x309 [8] 11 00 8D 2D FF A9 FF B2 
ID:0x303 [8] 10 30 02 00 00 00 04 01 
ID:0x30E [8] 8C E4 8D 1E 8C E1 00 00 
ID:0x30C [8] 00 00 00 00 00 00 00 00 
ID:0x402 [1] 00 
ID:0x310 [8] 00 14 80 48 06 80 5C 01 
ID:0x10F [8] 13 00 00 00 00 00 00 00 
ID:0x10C [8] 20 00 00 70 32 00 00 00 
ID:0x311 [8] 80 5C 80 5C 80 52 80 52 
ID:0x303 [8] 11 30 02 00 00 00 04 01 
ID:0x313 [8] 80 48 80 48 80 48 80 52 
ID:0x101 [3] 11 10 01 
ID:0x201 [8] 01 DA 00 03 ED 87 00 00 
ID:0x309 [8] 11 00 8D 27 FF AB FF AD 
ID:0x314 [8] 80 5C 80 5C 80 52 80 52 
ID:0x31A [8] 80 48 80 5C 80 5C 80 5C 
ID:0x31B [8] 80 52 80 52 00 00 00 00 
ID:0x110 [8] 30 00 00 01 00 00 00 00 
ID:0x303 [8] 12 30 02 00 00 00 04 01 
ID:0x200 [8] 0C 00 2C 30 00 00 00 00 
ID:0x30E [8] 8C E8 8D 21 8C E2 00 00 
ID:0x202 [6] 00 00 00 00 00 00 
ID:0x201 [8] 01 D9 00 03 ED 87 00 00 
ID:0x10F [8] 14 00 00 00 00 00 00 00 
ID:0x303 [8] 13 30 02 00 00 00 04 01 
ID:0x309 [8] 11 00 8D 2A FF AD FF AD 
ID:0x201 [8] 01 D8 00 03 ED 87 00 00 
ID:0x30C [8] 00 00 00 00 00 00 00 00 
ID:0x402 [1] 00 
ID:0x303 [8] 14 30 02 00 00 00 04 01 
ID:0x30E [8] 8C EB 8D 22 8C E4 00 00 
ID:0x310 [8] 00 1E 80 48 0A 80 66 02 
ID:0x400 [8] 10 02 00 FF 22 12 23 00 
ID:0x10C [8] 20 00 00 70 32 00 00 00 
ID:0x10F [8] 15 00 00 00 00 00 00 00 
ID:0x311 [8] 80 5C 80 66 80 5C 80 5C 
ID:0x309 [8] 11 00 8D 2C FF AE FF AA 
ID:0x201 [8] 01 D6 00 03 ED 87 00 00 
ID:0x312 [8] 80 5C 80 52 80 52 80 52 
ID:0x313 [8] 80 52 80 48 80 48 80 52 
ID:0x110 [8] 30 00 00 01 00 00 00 00 
ID:0x314 [8] 80 5C 80 52 80 5C 80 5C 
ID:0x301 [8] 92 18 03 52 00 FA 64 00 
ID:0x31B [8] 80 5C 80 52 00 00 00 00 
ID:0x303 [8] 15 30 02 00 00 00 04 01 
ID:0x201 [8] 01 D5 00 03 ED 87 00 00 
ID:0x202 [6] 00 00 00 00 00 00 
ID:0x10F [8] 16 00 00 00 00 00 00 00 
ID:0x303 [8] 16 30 02 00 00 00 04 01 
ID:0x30E [8] 8C EA 8D 22 8C E4 00 00 
ID:0x309 [8] 11 00 8D 28 FF AF FF AC 
ID:0x30C [8] 00 00 00 00 00 00 00 00 
ID:0x303 [8] 17 30 02 00 00 00 04 01 
ID:0x310 [8] 00 1E 80 52 07 80 70 16 
ID:0x201 [8] 01 D0 00 03 ED 87 00 00 
ID:0x10F [8] 17 00 00 00 00 00 00 00 
ID:0x10C [8] 20 00 00 70 32 00 00 00 
ID:0x311 [8] 80 66 80 5C 80 5C 80 66 
ID:0x402 [1] 00 
ID:0x110 [8] 30 00 00 01 00 00 00 00 
ID:0x312 [8] 80 5C 80 5C 80 52 80 5C 
ID:0x313 [8] 80 5C 80 5C 80 66 80 5C 
ID:0x101 [3] 11 10 01 
ID:0x314 [8] 80 66 80 5C 80 5C 80 5C 
ID:0x303 [8] 18 30 02 00 00 00 04 01 
ID:0x30E [8] 8C E8 8D 20 8C E2 00 00 
ID:0x31A [8] 80 52 80 66 80 66 80 66 
ID:0x31B [8] 80 66 80 70 00 00 00 00 
ID:0x309 [8] 11 00 8D 36 FF AE FF EA 
ID:0x201 [8] 01 C3 00 03 ED 87 00 00 
ID:0x208 [8] 00 01 01 74 00 00 70 32 
ID:0x200 [8] 0C 00 2C 30 00 00 00 00 
ID:0x202 [6] 00 00 00 00 00 00 
ID:0x303 [8] 19 30 02 00 00 00 04 01 
ID:0x341 [8] 23 00 25 45 00 64 03 00 
ID:0x10F [8] 18 00 00 00 00 00 00 00 
ID:0x309 [8] 11 00 8D 3C FF B4 FF FE 
ID:0x201 [8] 01 BA 00 03 ED 87 00 00 
ID:0x303 [8] 1A 30 00 00 00 00 04 01 
ID:0x30E [8] 8C EC 8D 24 8C E4 00 00 
ID:0x30C [8] 00 00 00 00 00 00 00 00 
ID:0x402 [1] 00 
ID:0x201 [8] 01 AF 00 03 ED 87 00 00 
ID:0x208 [8] 00 02 01 74 00 00 70 32 
ID:0x310 [8] 00 14 80 5C 05 80 70 01 
ID:0x10F [8] 19 00 00 00 00 00 00 00 
ID:0x10C [8] 20 00 00 70 32 00 00 00 
ID:0x311 [8] 80 70 80 66 80 70 80 66 
ID:0x400 [8] 10 02 00 FF 22 12 23 00 
ID:0x303 [8] 1B 30 00 00 00 00 04 01 
ID:0x312 [8] 80 5C 80 5C 80 5C 80 66 
ID:0x313 [8] 80 66 80 5C 80 5C 80 5C 
ID:0x309 [8] 11 00 8D 3C FF BF FF FE 
ID:0x314 [8] 80 70 80 66 80 66 80 66 
ID:0x31A [8] 80 5C 80 66 80 70 80 66 
ID:0x31B [8] 80 70 80 66 00 00 00 00 
ID:0x301 [8] 92 18 03 52 00 FA 64 00 
ID:0x110 [8] 30 00 00 01 00 00 00 00 
ID:0x201 [8] 01 A4 00 03 ED 87 00 00 
ID:0x208 [8] 00 01 01 74 00 00 70 32 
ID:0x303 [8] 1C 30 00 00 00 00 04 01 
ID:0x30E [8] 8C EE 8D 27 8C E4 00 00 
ID:0x202 [6] 00 00 00 00 00 00 
ID:0x10F [8] 1A 00 00 00 00 00 00 00 
ID:0x201 [8] 01 9A 00 03 ED 87 00 00 
ID:0x303 [8] 1D 30 00 00 00 00 04 01 
ID:0x309 [8] 11 00 8D 3F FF C9 FF FD 
ID:0x30C [8] 00 00 00 00 00 00 00 00 
ID:0x201 [8] 01 90 00 03 ED 87 00 00 
ID:0x303 [8] 1E 30 00 00 00 00 04 01 
ID:0x30E [8] 8C F4 8D 2A 8C E6 00 00 
ID:0x310 [8] 00 14 80 5C 11 80 70 01 
ID:0x10F [8] 1B 00 00 00 00 00 00 00 
ID:0x10C [8] 20 00 00 70 32 00 00 00 
ID:0x311 [8] 80 70 80 70 80 70 80 70 
ID:0x402 [1] 00 
ID:0x309 [8] 11 00 8D 42 FF D2 FF FD 
ID:0x312 [8] 80 66 80 66 80 66 80 66 
ID:0x313 [8] 80 66 80 66 80 66 80 66 
ID:0x101 [3] 11 10 01 
ID:0x110 [8] 30 00 00 01 00 00 00 00 
ID:0x314 [8] 80 70 80 70 80 70 80 70 
ID:0x201 [8] 01 84 00 03 ED 87 00 00 
ID:0x31A [8] 80 5C 80 70 80 70 80 70 
ID:0x208 [8] 00 01 01 75 00 00 70 32 
ID:0x303 [8] 1F 30 00 00 00 00 04 01 
ID:0x200 [8] 0C 00 2C 30 00 00 00 00 
ID:0x202 [6] 00 00 00 00 00 00 
ID:0x201 [8] 01 7C 00 03 ED 87 00 00 
ID:0x10F [8] 1C 00 00 00 00 00 00 00 
ID:0x303 [8] 10 30 00 00 00 00 04 01 
ID:0x30E [8] 8C F5 8D 2C 8C E7 00 00 
ID:0x309 [8] 11 00 8D 3E FF DC FF FE 
ID:0x201 [8] 01 71 00 03 ED 87 00 00 
ID:0x30C [8] 00 00 00 00 00 00 00 00 
ID:0x303 [8] 11 30 00 00 00 00 04 01 
ID:0x402 [1] 00 
ID:0x310 [8] 00 0A 80 66 03 80 70 01 
ID:0x10F [8] 1D 00 00 00 00 00 00 00 
ID:0x10C [8] 20 00 00 70 32 00 00 00 
ID:0x311 [8] 80 70 80 70 80 66 80 66 
ID:0x110 [8] 30 00 00 01 00 00 00 00 
ID:0x400 [8] 10 02 00 FF 22 12 23 00 
ID:0x312 [8] 80 70 80 66 80 66 80 66 
ID:0x201 [8] 01 66 00 03 ED 87 00 00 
ID:0x303 [8] 12 30 00 00 00 00 04 01 
ID:0x30E [8] 8C F2 8D 29 8C EA 00 00 
ID:0x31A [8] 80 66 80 70 80 70 80 70 
ID:0x301 [8] 92 18 03 52 00 FA 64 00 
ID:0x309 [8] 11 00 8D 42 FF E6 FF FE 
ID:0x006 [4] 02 02 77 01 
ID:0x201 [8] 01 5C 00 03 ED 87 00 00 
ID:0x303 [8] 13 30 00 00 00 00 04 01 
ID:0x208 [8] 00 00 01 75 00 00 70 32 
ID:0x202 [6] 00 00 00 00 00 00 
ID:0x10F [8] 1E 00 00 00 00 00 00 00 
ID:0x309 [8] 11 00 8D 42 FF F1 FF FD 
ID:0x201 [8] 01 54 00 03 ED 87 00 00 
ID:0x303 [8] 14 30 00 00 00 00 04 01 
ID:0x208 [8] 00 01 01 76 00 00 70 32 
ID:0x30E [8] 8C F4 8D 2B 8C EA 00 00 
ID:0x30C [8] 00 00 00 00 00 00 00 00 
ID:0x100 [8] 10 00 11 1A 00 00 00 00 
ID:0x310 [8] 00 14 80 5C 08 80 70 01 
ID:0x10F [8] 1F 00 00 00 00 00 00 00 
ID:0x10C [8] 20 00 00 70 32 00 00 00 
ID:0x300 [8] 03 52 E1 A1 04 F7 D4 68 
ID:0x311 [8] 80 70 80 70 80 70 80 70 
ID:0x303 [8] 15 30 00 00 00 00 04 01 
ID:0x201 [8] 01 4A 00 03 ED 87 00 00 
ID:0x402 [1] 00 
ID:0x312 [8] 80 66 80 66 80 66 80 5C 
ID:0x313 [8] 80 66 80 66 80 66 80 5C 
ID:0x101 [3] 11 10 01 
ID:0x309 [8] 11 00 8D 41 FF FB FF FF 
ID:0x31A [8] 80 5C 80 70 80 70 80 66 
ID:0x31B [8] 80 70 80 70 00 00 00 00 
ID:0x110 [8] 30 00 00 01 00 00 00 00 
ID:0x303 [8] 16 30 00 00 00 00 04 01 
ID:0x201 [8] 01 40 00 03 ED 87 00 00 
ID:0x30E [8] 8C F7 8D 2C 8C EC 00 00 
ID:0x200 [8] 0C 00 2C 30 00 00 00 00 
ID:0x202 [6] 00 00 00 00 00 00 
ID:0x341 [8] 23 00 25 46 00 64 03 00 
ID:0x10F [8] 10 00 00 00 00 00 00 00 
ID:0x182 [5] 6A 30 29 BA 00 
ID:0x303 [8] 17 30 00 00 00 00 04 01 
ID:0x201 [8] 01 36 00 03 ED 87 00 00 
ID:0x309 [8] 11 00 8D 43 FF FD FF FE 
ID:0x30C [8] 00 00 00 00 00 00 00 00 
ID:0x303 [8] 18 30 00 00 00 00 04 01 
ID:0x402 [1] 00 
ID:0x30E [8] 8C FA 8D 2E 8C ED 00 00 
ID:0x310 [8] 00 1E 80 5C 0A 80 7A 0D 
ID:0x201 [8] 01 2C 00 03 ED 87 00 00 
ID:0x208 [8] 00 01 01 77 00 00 70 32 
ID:0x10F [8] 11 00 00 00 00 00 00 00 
ID:0x10C [8] 20 00 00 70 32 00 00 00 
ID:0x311 [8] 80 70 80 70 80 66 80 66 
ID:0x309 [8] 11 00 8D 40 FF FD FF FD 
ID:0x312 [8] 80 66 80 66 80 66 80 66 
ID:0x400 [8] 10 02 00 FF 22 12 23 00 
ID:0x313 [8] 80 66 80 5C 80 5C 80 66 
ID:0x110 [8] 30 00 00 01 00 00 00 00 
ID:0x314 [8] 80 7A 80 70 80 70 80 66 
ID:0x31A [8] 80 5C 80 66 80 70 80 70 
ID:0x301 [8] 92 18 03 52 00 FA 64 00 
ID:0x31B [8] 80 70 80 66 00 00 00 00 
ID:0x303 [8] 19 30 00 00 00 00 04 01 
ID:0x201 [8] 01 23 00 03 ED 87 00 00 
ID:0x202 [6] 00 00 00 00 00 00 
ID:0x10F [8] 12 00 00 00 00 00 00 00 
ID:0x303 [8] 1A 30 00 00 00 00 04 01 
ID:0x30E [8] 8C FC 8D 30 8C EF 00 00 
ID:0x201 [8] 01 1B 00 03 ED 87 00 00 
ID:0x208 [8] 00 00 01 77 00 00 70 32 
ID:0x309 [8] 11 00 8D 42 FF FD FF FE 
ID:0x30C [8] 00 00 00 00 00 00 00 00 
ID:0x303 [8] 1B 30 00 00 00 00 04 01 
ID:0x201 [8] 01 11 00 03 ED 87 00 00 
ID:0x402 [1] 00 
ID:0x310 [8] 00 14 80 5C 07 80 70 01 
ID:0x10F [8] 13 00 00 00 00 00 00 00 
ID:0x10C [8] 20 00 00 70 32 00 00 00 
ID:0x311 [8] 80 70 80 70 80 70 80 70 
ID:0x110 [8] 30 00 00 01 00 00 00 00 
ID:0x312 [8] 80 70 80 66 80 5C 80 70 
ID:0x313 [8] 80 66 80 66 80 66 80 66 
ID:0x101 [3] 11 10 01 
ID:0x314 [8] 80 70 80 70 80 70 80 70 
ID:0x303 [8] 1C 30 00 00 00 00 04 01 
ID:0x30E [8] 8C F7 8D 2F 8C EC 00 00 
ID:0x31A [8] 80 66 80 70 80 70 80 66 
ID:0x31B [8] 80 70 80 70 00 00 00 00 
ID:0x201 [8] 01 07 00 03 ED 87 00 00 
ID:0x309 [8] 11 00 8D 43 FF FE FF FE 
ID:0x208 [8] 00 01 01 77 00 00 70 32 
ID:0x200 [8] 0C 00 2C 30 00 00 00 00 
ID:0x303 [8] 1D 30 00 00 00 00 04 01 
ID:0x202 [6] 00 00 00 00 00 00 
ID:0x10F [8] 14 00 00 00 00 00 00 00 
ID:0x309 [8] 11 00 8D 42 FF FE FF FE 
ID:0x201 [8] 00 FF 00 03 ED 87 00 00 
ID:0x182 [5] 6A 30 29 BB 00 
ID:0x303 [8] 1E 30 00 00 00 00 04 01 
ID:0x30E [8] 8C F6 8D 30 8C ED 00 00 
ID:0x30C [8] 00 00 00 00 00 00 00 00 
ID:0x201 [8] 00 F7 00 03 ED 87 00 00 
ID:0x310 [8] 00 14 80 66 04 80 7A 0D 
ID:0x10F [8] 15 00 00 00 00 00 00 00 
ID:0x10C [8] 20 00 00 70 32 00 00 00 
ID:0x311 [8] 80 70 80 70 80 70 80 66 
ID:0x303 [8] 1F 30 00 00 00 00 04 01 
ID:0x312 [8] 80 70 80 70 80 66 80 66 
ID:0x402 [1] 00 
ID:0x309 [8] 11 00 8D 45 FF FE FF FC 
ID:0x314 [8] 80 7A 80 70 80 7A 80 70 
ID:0x201 [8] 00 ED 00 03 ED 87 00 00 
ID:0x400 [8] 10 02 00 FF 22 12 23 00 
ID:0x31A [8] 80 66 80 70 80 70 80 70 
ID:0x301 [8] 92 18 03 52 00 FA 64 00 
ID:0x110 [8] 30 00 00 01 00 00 00 00 
ID:0x303 [8] 10 30 00 00 00 00 04 01 
ID:0x30E [8] 8C F7 8D 33 8C EF 00 00 
ID:0x341 [8] 23 00 25 45 00 64 03 00 
ID:0x201 [8] 00 E6 00 03 ED 87 00 00 
ID:0x10F [8] 16 00 00 00 00 00 00 00 
ID:0x202 [6] 00 00 00 00 00 00 
ID:0x303 [8] 11 30 00 00 00 00 04 01 
ID:0x309 [8] 11 00 8D 43 FF FD FF FD 
ID:0x201 [8] 00 DD 00 03 ED 87 00 00 
ID:0x30C [8] 00 00 00 00 00 00 00 00 
ID:0x303 [8] 12 30 00 00 00 00 04 01 
ID:0x30E [8] 8C FB 8D 35 8C F2 00 00 
ID:0x310 [8] 00 1E 80 5C 0A 80 7A 01 
ID:0x402 [1] 00 
ID:0x10F [8] 17 00 00 00 00 00 00 00 
ID:0x10C [8] 20 00 00 70 32 00 00 00 
ID:0x311 [8] 80 7A 80 70 80 70 80 70 
ID:0x309 [8] 11 00 8D 44 FF FD FF FD 
ID:0x312 [8] 80 70 80 66 80 66 80 66 
ID:0x313 [8] 80 66 80 5C 80 5C 80 70 
ID:0x201 [8] 00 D4 00 03 ED 87 00 00 
ID:0x101 [3] 11 10 01 
ID:0x110 [8] 30 00 00 01 00 00 00 00 
ID:0x314 [8] 80 7A 80 70 80 70 80 70 
ID:0x303 [8] 13 30 00 00 00 00 04 01 
ID:0x201 [8] 00 CC 00 03 ED 87 00 00 
ID:0x341 [8] 23 00 25 46 00 64 03 00 
ID:0x202 [6] 00 00 00 00 00 00 
ID:0x200 [8] 0C 00 2C 30 00 00 00 00 
ID:0x10F [8] 18 00 00 00 00 00 00 00 
ID:0x303 [8] 14 30 00 00 00 00 04 01 
ID:0x30E [8] 8C FD 8D 36 8C F4 00 00 
ID:0x182 [5] 6A 30 29 BC 00 
ID:0x309 [8] 11 00 8D 42 FF FD FF FE 
ID:0x201 [8] 00 C5 00 03 ED 87 00 00 
ID:0x30C [8] 00 00 00 00 00 00 00 00 
ID:0x303 [8] 15 30 00 00 00 00 04 01 
ID:0x310 [8] 00 14 80 66 06 80 7A 02 
ID:0x10F [8] 19 00 00 00 00 00 00 00 
ID:0x10C [8] 20 00 00 70 32 00 00 00 
ID:0x311 [8] 80 70 80 7A 80 70 80 70 
ID:0x110 [8] 30 00 00 01 00 00 00 00 
ID:0x201 [8] 00 BC 00 03 ED 87 00 00 
ID:0x208 [8] 00 00 01 77 00 00 70 32 
ID:0x402 [1] 00 
ID:0x313 [8] 80 66 80 66 80 66 80 66 
ID:0x314 [8] 80 7A 80 70 80 7A 80 70 
ID:0x303 [8] 16 30 00 00 00 00 04 01 
ID:0x30E [8] 8C FD 8D 33 8C F3 00 00 
ID:0x31A [8] 80 66 80 70 80 7A 80 70 
ID:0x400 [8] 10 02 00 FF 22 12 23 00 
ID:0x31B [8] 80 70 80 66 00 00 00 00 
ID:0x301 [8] 92 18 03 52 00 FA 64 00 
ID:0x309 [8] 11 00 8D 45 FF FD FF FE 
ID:0x201 [8] 00 B4 00 03 ED 87 00 00 
ID:0x208 [8] 00 01 01 77 00 00 70 32 
ID:0x303 [8] 17 30 00 00 00 00 04 01 
ID:0x341 [8] 23 00 25 45 00 64 03 00 
ID:0x202 [6] 00 00 00 00 00 00 
ID:0x10F [8] 1A 00 00 00 00 00 00 00 
ID:0x309 [8] 11 00 8D 44 FF FD FF FE 
ID:0x201 [8] 00 AB 00 03 ED 87 00 00 
ID:0x303 [8] 18 30 00 00 00 00 04 01 
ID:0x30E [8] 8D 00 8D 35 8C F4 00 00 
ID:0x30C [8] 00 00 00 00 00 00 00 00 
ID:0x310 [8] 00 1E 80 5C 09 80 7A 0D 
ID:0x201 [8] 00 A4 00 03 ED 87 00 00 
ID:0x402 [1] 00 
ID:0x10F [8] 1B 00 00 00 00 00 00 00 
ID:0x10C [8] 20 00 00 70 32 00 00 00 
ID:0x311 [8] 80 70 80 70 80 70 80 70 
ID:0x303 [8] 19 30 00 00 00 00 04 01 
ID:0x312 [8] 80 66 80 66 80 66 80 66 
ID:0x313 [8] 80 5C 80 66 80 70 80 70 
ID:0x101 [3] 11 10 01 
ID:0x309 [8] 11 00 8D 45 FF FD FF FD 
ID:0x314 [8] 80 7A 80 7A 80 70 80 70 
ID:0x31A [8] 80 66 80 70 80 70 80 70 
ID:0x31B [8] 80 7A 80 70 00 00 00 00 
ID:0x110 [8] 30 00 00 01 00 00 00 00 
ID:0x201 [8] 00 94 00 03 ED 87 00 10 
ID:0x303 [8] 1A 30 00 00 00 00 04 01 
ID:0x30E [8] 8D 02 8D 36 8C F3 00 00 
ID:0x341 [8] 23 00 25 46 00 64 03 00 
ID:0x200 [8] 0C 00 2C 30 00 00 00 00 
ID:0x202 [6] 00 00 00 00 00 00 
ID:0x10F [8] 1C 00 00 00 00 00 00 00 
ID:0x201 [8] 00 35 00 03 ED 87 00 10 
ID:0x182 [5] 6A 30 29 BD 00 
ID:0x208 [8] 00 02 01 77 00 00 70 32 
ID:0x303 [8] 1B 30 00 00 00 00 04 01 
ID:0x309 [8] 11 00 8D 44 FF FD FF FE 
ID:0x30C [8] 00 00 00 00 00 00 00 00 
ID:0x201 [8] 00 00 00 03 ED 87 00 10 
ID:0x208 [8] 00 01 01 77 00 00 70 32 
ID:0x303 [8] 1C 30 00 00 00 00 04 01 
ID:0x30E [8] 8D 03 8D 38 8C F4 00 00 
ID:0x310 [8] 00 1E 80 5C 08 80 7A 01 
ID:0x402 [1] 00 
ID:0x10F [8] 1D 00 00 00 00 00 00 00 
ID:0x10C [8] 20 00 00 70 32 00 00 00 
ID:0x311 [8] 80 7A 80 7A 80 70 80 70 
ID:0x309 [8] 11 00 8D 46 FF FD FF FB 
ID:0x312 [8] 80 7A 80 70 80 70 80 5C 
ID:0x313 [8] 80 66 80 66 80 66 80 66 
ID:0x400 [8] 10 02 00 FF 22 12 23 00 
ID:0x110 [8] 30 00 00 01 00 00 00 00 
ID:0x314 [8] 80 70 80 70 80 70 80 70 
ID:0x31A [8] 80 66 80 70 80 7A 80 70 
ID:0x301 [8] 92 18 03 52 00 FA 64 00 
ID:0x31B [8] 80 66 80 70 00 00 00 00 
ID:0x303 [8] 1D 30 00 00 00 00 04 01 
ID:0x202 [6] 00 00 00 00 00 00 
ID:0x10F [8] 1E 00 00 00 00 00 00 00 
ID:0x303 [8] 1E 30 00 00 00 00 04 01 
ID:0x208 [8] FF FF 01 76 00 00 70 32 
ID:0x30E [8] 8D 04 8D 39 8C F7 00 00 
ID:0x309 [8] 11 00 8D 44 FF FD FF FC 
ID:0x30C [8] 00 00 00 00 00 00 00 00 
ID:0x303 [8] 1F 30 00 00 00 00 04 01 
ID:0x201 [8] 00 00 00 03 ED 87 00 00 
ID:0x310 [8] 00 14 80 66 07 80 7A 04 
ID:0x10F [8] 1F 00 00 00 00 00 00 00 
ID:0x10C [8] 20 00 00 70 32 00 00 00 
ID:0x402 [1] 00 
ID:0x311 [8] 80 70 80 70 80 70 80 7A 
ID:0x110 [8] 30 00 00 01 00 00 00 00 
ID:0x312 [8] 80 70 80 70 80 66 80 70 
ID:0x313 [8] 80 66 80 66 80 70 80 66 
ID:0x101 [3] 11 10 01 
ID:0x303 [8] 10 30 00 00 00 00 04 01 
ID:0x30E [8] 8C F5 8D 37 8C F9 00 00 
ID:0x31A [8] 80 66 80 70 80 70 80 70 
ID:0x208 [8] 00 00 01 76 00 00 70 32 
ID:0x31B [8] 80 70 80 70 00 00 00 00 
ID:0x309 [8] 11 00 8D 46 FF FD FF FD 
ID:0x303 [8] 11 30 00 00 00 00 04 01 
ID:0x341 [8] 23 00 25 45 00 64 03 00 
ID:0x10F [8] 10 00 00 00 00 00 00 00 
ID:0x202 [6] 00 00 00 00 00 00 
ID:0x309 [8] 11 00 8D 47 FF FD FF FF 
ID:0x200 [8] 0C 00 2C 30 00 00 00 00 
ID:0x182 [5] 6A 30 29 BE 00 
ID:0x303 [8] 12 30 00 00 00 00 04 01 
ID:0x30E [8] 8C F9 8D 39 8C FB 00 00 
ID:0x30C [8] 00 00 00 00 00 00 00 00 
ID:0x310 [8] 00 14 80 66 07 80 7A 0D 
ID:0x10F [8] 11 00 00 00 00 00 00 00 
ID:0x10C [8] 20 00 00 70 32 00 00 00 
ID:0x311 [8] 80 70 80 70 80 70 80 70 
ID:0x303 [8] 13 30 00 00 00 00 04 01 
ID:0x312 [8] 80 70 80 70 80 66 80 66 
ID:0x313 [8] 80 66 80 66 80 70 80 70 
ID:0x402 [1] 00 
ID:0x309 [8] 11 00 8D 48 FF FD FF FC 
ID:0x314 [8] 80 7A 80 7A 80 7A 80 70 
ID:0x31A [8] 80 66 80 70 80 7A 80 70 
ID:0x31B [8] 80 7A 80 70 00 00 00 00 
ID:0x301 [8] 92 18 03 52 00 FA 64 00 
ID:0x400 [8] 10 02 00 FF 22 12 23 00 
ID:0x110 [8] 30 00 00 01 00 00 00 00 
ID:0x303 [8] 14 30 00 00 00 00 04 01 
ID:0x30E [8] 8C EA 8D 39 8C FB 00 00 
ID:0x208 [8] 00 01 01 76 00 00 70 32 
ID:0x10F [8] 12 00 00 00 00 00 00 00 
ID:0x202 [6] 00 00 00 00 00 00 
ID:0x303 [8] 15 30 00 00 00 00 04 01 
ID:0x309 [8] 11 00 8D 46 FF FD FF FF 
ID:0x30C [8] 00 00 00 00 00 00 00 00 
ID:0x100 [8] 10 00 11 1A 00 00 00 00 
ID:0x300 [8] 03 52 E1 A1 04 F7 D4 68 
ID:0x303 [8] 16 30 00 00 00 00 04 01 
ID:0x30E [8] 8C EE 8D 3A 8C FA 00 00 
ID:0x310 [8] 00 14 80 66 04 80 7A 02 
ID:0x10F [8] 13 00 00 00 00 00 00 00 
ID:0x10C [8] 20 00 00 70 32 00 00 00 
ID:0x311 [8] 80 70 80 7A 80 70 80 66 
ID:0x309 [8] 11 00 8D 45 FF FD FF FF 
ID:0x312 [8] 80 70 80 66 80 66 80 70 
ID:0x208 [8] 00 00 01 76 00 00 70 32 
ID:0x313 [8] 80 70 80 66 80 70 80 70 
ID:0x101 [3] 11 10 01 
ID:0x402 [1] 00 
ID:0x110 [8] 30 00 00 01 00 00 00 00 
ID:0x314 [8] 80 7A 80 70 80 70 80 66 
ID:0x31A [8] 80 66 80 70 80 70 80 66 
ID:0x31B [8] 80 70 80 70 00 00 00 00 
ID:0x303 [8] 17 30 00 00 00 00 04 01 
ID:0x201 [8] 00 00 00 03 ED 87 00 10 
ID:0x208 [8] 00 01 01 76 00 00 70 32 
ID:0x200 [8] 0C 00 2C 30 00 00 00 00 
ID:0x10F [8] 14 00 00 00 00 00 00 00 
ID:0x202 [6] 00 00 00 00 00 00 
ID:0x303 [8] 18 30 00 00 00 00 04 01 
ID:0x30E [8] 8C E0 8D 3B 8C FB 00 00 
ID:0x182 [5] 6A 30 29 BF 00 
ID:0x309 [8] 11 00 8D 47 FF FD FF FC 
ID:0x208 [8] FF FF 01 75 00 00 70 32 
ID:0x30C [8] 00 00 00 00 00 00 00 00 
ID:0x303 [8] 19 30 00 00 00 00 04 01 
ID:0x102 [3] 20 00 00 
ID:0x310 [8] 00 14 80 66 08 80 7A 0D 
ID:0x10F [8] 15 00 00 00 00 00 00 00 
ID:0x10C [8] 20 00 00 70 32 00 00 00 
ID:0x311 [8] 80 70 80 70 80 70 80 70 
ID:0x110 [8] 30 00 00 01 00 00 00 00 
ID:0x402 [1] 00 
ID:0x312 [8] 80 70 80 70 80 70 80 66 
ID:0x313 [8] 80 66 80 66 80 66 80 70 
ID:0x314 [8] 80 7A 80 7A 80 7A 80 66 
ID:0x400 [8] 10 02 00 FF 22 12 23 00 
ID:0x303 [8] 1A 30 00 00 00 00 04 01 
ID:0x30E [8] 8C E3 8D 39 8C F8 00 00 
ID:0x301 [8] 92 18 03 52 00 FA 64 00 
ID:0x309 [8] 11 00 8D 46 FF FD FF FA 
ID:0x303 [8] 1B 30 00 00 00 00 04 01 
ID:0x10F [8] 16 00 00 00 00 00 00 00 
ID:0x202 [6] 00 00 00 00 00 00 
ID:0x309 [8] 11 00 8D 47 FF FD FF FE 
ID:0x201 [8] 00 00 00 03 ED 87 00 00 
ID:0x208 [8] FF FF 01 74 00 00 70 32 
ID:0x303 [8] 1C 30 00 00 00 00 04 01 
ID:0x30E [8] 8C E9 8D 3B 8C F9 00 00 
ID:0x30C [8] 00 00 00 00 00 00 00 00 
ID:0x208 [8] FF FF 01 75 00 00 70 32 
ID:0x310 [8] 00 14 80 66 07 80 7A 05 
ID:0x10F [8] 17 00 00 00 00 00 00 00 
ID:0x10C [8] 20 00 00 70 32 00 00 00 
ID:0x402 [1] 00 
ID:0x303 [8] 1D 30 00 00 00 00 04 01 
ID:0x312 [8] 80 7A 80 70 80 66 80 70 
ID:0x101 [3] 11 10 01 
ID:0x309 [8] 11 00 8D 47 FF FD FF FD 
ID:0x314 [8] 80 7A 80 70 80 7A 80 70 
ID:0x31A [8] 80 66 80 70 80 70 80 70 
ID:0x31B [8] 80 7A 80 70 00 00 00 00 
ID:0x110 [8] 30 00 00 01 00 00 00 00 
ID:0x208 [8] 00 00 01 74 00 00 70 32 
ID:0x303 [8] 1E 30 00 00 00 00 04 01 
ID:0x30E [8] 8C EC 8D 3C 8C F9 00 00 
ID:0x10F [8] 18 00 00 00 00 00 00 00 
ID:0x202 [6] 00 00 00 00 00 00 
ID:0x182 [5] 6A 30 29 C0 00 
ID:0x200 [8] 0C 00 2C 30 00 00 00 00 
ID:0x303 [8] 1F 30 00 00 00 00 04 01 
ID:0x309 [8] 11 00 8D 48 FF FD FF FD 
ID:0x30C [8] 00 00 00 00 00 00 00 00 
ID:0x303 [8] 10 30 00 00 00 00 04 01 
ID:0x30E [8] 8C F2 8D 3D 8C FB 00 00 
ID:0x310 [8] 00 14 80 66 07 80 7A 01 
ID:0x10F [8] 19 00 00 00 00 00 00 00 
ID:0x10C [8] 20 00 00 70 32 00 00 00 
ID:0x311 [8] 80 7A 80 7A 80 70 80 70 
ID:0x309 [8] 11 00 8D 49 FF FD FF FE 
ID:0x402 [1] 00 
ID:0x312 [8] 80 70 80 70 80 66 80 70 
ID:0x313 [8] 80 66 80 66 80 70 80 70 
ID:0x110 [8] 30 00 00 01 00 00 00 00 
ID:0x400 [8] 10 02 00 FF 22 12 23 00 
ID:0x31A [8] 80 66 80 7A 80 70 80 70 
ID:0x208 [8] 00 01 01 74 00 00 70 32 
ID:0x301 [8] 92 18 03 52 00 FA 64 00 
ID:0x303 [8] 11 30 00 00 00 00 04 01 
ID:0x10F [8] 1A 00 00 00 00 00 00 00 
ID:0x303 [8] 12 30 00 00 00 00 04 01 
ID:0x202 [6] 00 00 00 00 00 00 
ID:0x30E [8] 8C F5 8D 3E 8C FA 00 00 
ID:0x309 [8] 11 00 8D 48 FF FD FF FE 
ID:0x30C [8] 00 00 00 00 00 00 00 00 
ID:0x303 [8] 13 30 00 00 00 00 04 01 
ID:0x310 [8] 00 14 80 66 09 80 7A 01 
ID:0x10F [8] 1B 00 00 00 00 00 00 00 
ID:0x10C [8] 20 00 00 70 32 00 00 00 
ID:0x110 [8] 30 00 00 01 00 00 00 00 
ID:0x312 [8] 80 70 80 70 80 70 80 70 
ID:0x402 [1] 00 
ID:0x313 [8] 80 66 80 70 80 66 80 70 
ID:0x101 [3] 11 10 01 
ID:0x314 [8] 80 7A 80 7A 80 7A 80 70 
ID:0x303 [8] 14 30 00 00 00 00 04 01 
ID:0x30E [8] 8C F3 8D 3C 8C FC 00 00 
ID:0x309 [8] 11 00 8D 4A FF FD FF FE 
ID:0x208 [8] 00 01 01 73 00 00 70 32 
ID:0x303 [8] 15 30 00 00 00 00 04 01 
ID:0x10F [8] 1C 00 00 00 00 00 00 00 
ID:0x200 [8] 0C 00 2C 30 00 00 00 00 
ID:0x309 [8] 11 00 8D 48 FF FD FF FC 
ID:0x202 [6] 00 00 00 00 00 00 
ID:0x182 [5] 6A 30 29 C1 00 
ID:0x342 [8] FF FF BC E1 00 00 B7 C0 
ID:0x303 [8] 16 30 00 00 00 00 04 01 
ID:0x30E [8] 8C F6 8D 3D 8C FD 00 00 
ID:0x30C [8] 00 00 00 00 00 00 00 00 
ID:0x310 [8] 00 14 80 66 07 80 7A 01 
ID:0x10F [8] 1D 00 00 00 00 00 00 00 
ID:0x10C [8] 20 00 00 70 32 00 00 00 
ID:0x303 [8] 17 30 00 00 00 00 04 01 
ID:0x312 [8] 80 70 80 70 80 66 80 70 
ID:0x402 [1] 00 
ID:0x313 [8] 80 70 80 66 80 70 80 70 
ID:0x309 [8] 11 00 8D 49 FF FD FF FD 
ID:0x314 [8] 80 7A 80 70 80 70 80 70 
ID:0x400 [8] 10 02 00 FF 22 12 23 00 
ID:0x301 [8] 92 18 03 52 00 FA 64 00 
ID:0x110 [8] 30 00 00 01 00 00 00 00 
ID:0x303 [8] 18 30 00 00 00 00 04 01 
ID:0x30E [8] 8C F4 8D 3D 8C FC 00 00 
ID:0x341 [8] 23 00 25 45 00 64 00 00 
ID:0x10F [8] 1E 00 00 00 00 00 00 00 
ID:0x202 [6] 00 00 00 00 00 00 
ID:0x303 [8] 19 30 00 00 00 00 04 01 
ID:0x309 [8] 11 00 8D 49 FF FD FF FE 
ID:0x30C [8] 00 00 00 00 00 00 00 00 
ID:0x303 [8] 1A 30 00 00 00 00 04 01 
ID:0x30E [8] 8C EA 8D 3E 8C FD 00 00 
ID:0x310 [8] 00 1E 80 5C 11 80 7A 01 
ID:0x10F [8] 1F 00 00 00 00 00 00 00 
ID:0x10C [8] 20 00 00 70 32 00 00 00 
ID:0x309 [8] 11 00 8D 4B FF FD FF FE 
ID:0x312 [8] 80 7A 80 70 80 66 80 70 
ID:0x402 [1] 00 
ID:0x313 [8] 80 66 80 70 80 70 80 70 
ID:0x101 [3] 11 10 01 
ID:0x110 [8] 30 00 00 01 00 00 00 00 
ID:0x314 [8] 80 7A 80 7A 80 7A 80 70 
ID:0x31A [8] 80 5C 80 7A 80 7A 80 7A 
ID:0x303 [8] 1B 30 00 00 00 00 04 01 
ID:0x341 [8] 23 00 25 46 00 64 00 00 
ID:0x10F [8] 10 00 00 00 00 00 00 00 
ID:0x303 [8] 1C 30 00 00 00 00 04 01 
ID:0x200 [8] 0C 00 2C 30 00 00 00 00 
ID:0x30E [8] 8C E2 8D 3D 8C FC 00 00 
ID:0x182 [5] 6A 30 29 C2 00 
ID:0x309 [8] 11 00 8D 49 FF FE FF FD 
ID:0x202 [6] 00 00 00 00 00 00 
ID:0x30C [8] 00 00 00 00 00 00 00 00 
ID:0x303 [8] 1D 30 00 00 00 00 04 01 
ID:0x102 [3] 21 00 00 
ID:0x310 [8] 00 14 80 66 07 80 7A 01 
ID:0x311 [8] 80 7A 80 70 80 70 80 70 
ID:0x312 [8] 80 70 80 70 80 66 80 70 
ID:0x402 [1] 00 
ID:0x313 [8] 80 66 80 66 80 70 80 66 
ID:0x10F [8] 11 00 00 00 00 00 00 00 
ID:0x10C [8] 20 00 00 70 32 00 00 00 
ID:0x303 [8] 1E 30 00 00 00 00 04 01 
ID:0x110 [8] 30 00 00 01 00 00 00 00 
ID:0x30E [8] 8C DB 8D 3B 8C FE 00 00 
ID:0x31A [8] 80 66 80 70 80 70 80 70 
ID:0x400 [8] 10 02 00 FF 22 12 23 00 
ID:0x31B [8] 80 7A 80 7A 00 00 00 00 
ID:0x301 [8] 92 18 03 52 00 FA 64 00 
ID:0x101 [3] 11 10 01 
ID:0x309 [8] 11 00 8D 48 FF FE FF FE 
ID:0x303 [8] 1F 30 00 00 00 00 04 01 
ID:0x341 [8] 23 00 25 45 00 64 00 00 
ID:0x309 [8] 11 00 8D 4C FF FE FF FD 
ID:0x208 [8] 00 01 01 72 00 00 70 32 
ID:0x202 [6] 00 00 00 00 00 00 
ID:0x10F [8] 12 00 00 00 00 00 00 00 
ID:0x303 [8] 10 30 00 00 00 00 04 01 
ID:0x30E [8] 8C DC 8D 3B 8C FE 00 00 
ID:0x30C [8] 00 00 00 00 00 00 00 00 
ID:0x310 [8] 00 14 80 66 08 80 7A 01 
ID:0x311 [8] 80 7A 80 7A 80 70 80 70 
ID:0x303 [8] 11 30 00 00 00 00 04 01 
ID:0x110 [8] 30 00 00 01 00 00 00 00 
ID:0x312 [8] 80 70 80 70 80 70 80 66 
ID:0x402 [1] 00 
ID:0x313 [8] 80 66 80 66 80 66 80 66 
ID:0x10F [8] 13 00 00 00 00 00 00 00 
ID:0x10C [8] 20 00 00 70 32 00 00 00 
ID:0x309 [8] 11 00 8D 4A FF FD FF FD 
ID:0x314 [8] 80 7A 80 7A 80 70 80 7A 
ID:0x31A [8] 80 70 80 7A 80 7A 80 7A 
ID:0x31B [8] 80 7A 80 70 00 00 00 00 
ID:0x303 [8] 12 30 00 00 00 00 04 01 
ID:0x30E [8] 8C E1 8D 3D 8C FF 00 00 
ID:0x200 [8] 0C 00 2C 30 00 00 00 00 
ID:0x202 [6] 00 00 00 00 00 00 
ID:0x10F [8] 14 00 00 00 00 00 00 00 
ID:0x303 [8] 13 30 00 00 00 00 04 01 
ID:0x182 [5] 6A 30 29 C3 00 
ID:0x30C [8] 00 00 00 00 00 00 00 00 
ID:0x303 [8] 14 30 00 00 00 00 04 01 
ID:0x30E [8] 8C D5 8D 3F 8D 01 00 00 
ID:0x310 [8] 00 14 80 66 09 80 7A 01 
ID:0x309 [8] 11 00 8D 49 FF FE FF FD 
ID:0x312 [8] 80 70 80 70 80 70 80 70 
ID:0x313 [8] 80 66 80 66 80 66 80 70 
ID:0x10F [8] 15 00 00 00 00 00 00 00 
ID:0x10C [8] 20 00 00 70 32 00 00 00 
ID:0x314 [8] 80 7A 80 7A 80 7A 80 70 
ID:0x31A [8] 80 70 80 70 80 70 80 70 
ID:0x402 [1] 00 
ID:0x301 [8] 92 18 03 52 00 FA 64 00 
ID:0x101 [3] 11 10 01 
ID:0x303 [8] 15 30 00 00 00 00 04 01 
ID:0x110 [8] 30 00 00 01 00 00 00 00 
ID:0x400 [8] 10 02 00 FF 22 12 23 00 
ID:0x303 [8] 16 30 00 00 00 00 04 01 
ID:0x30E [8] 8C CC 8D 41 8D 02 00 00 
ID:0x202 [6] 00 00 00 00 00 00 
ID:0x10F [8] 16 00 00 00 00 00 00 00 
ID:0x309 [8] 11 00 8D 4A FF FE FF FD 
ID:0x208 [8] 00 01 01 71 00 00 70 32 
ID:0x30C [8] 00 00 00 00 00 00 00 00 
ID:0x303 [8] 17 30 00 00 00 00 04 01 
ID:0x310 [8] 00 0A 80 70 03 80 7A 01 
ID:0x100 [8] 10 00 11 1A 00 00 00 00 
ID:0x312 [8] 80 7A 80 70 80 70 80 70 
ID:0x208 [8] 00 01 01 72 00 00 70 32 
ID:0x313 [8] 80 70 80 70 80 70 80 70 
ID:0x402 [1] 00 
ID:0x300 [8] 03 52 E1 A1 04 F7 D4 68 
ID:0x10F [8] 17 00 00 00 00 00 00 00 
ID:0x10C [8] 20 00 00 70 32 00 00 00 
ID:0x314 [8] 80 7A 80 70 80 70 80 70 
ID:0x303 [8] 18 30 00 00 00 00 04 01 
ID:0x110 [8] 30 00 00 01 00 00 00 00 
ID:0x30E [8] 8C CF 8D 3F 8D 03 00 00 
ID:0x31A [8] 80 70 80 70 80 7A 80 70 
ID:0x309 [8] 11 00 8D 4B FF FD FF FE 
ID:0x303 [8] 19 30 00 00 00 00 04 01 
ID:0x309 [8] 11 00 8D 47 FF FD FF FD 
ID:0x200 [8] 0C 00 2C 30 00 00 00 00 
ID:0x202 [6] 00 00 00 00 00 00 
ID:0x10F [8] 18 00 00 00 00 00 00 00 
ID:0x208 [8] 00 01 01 71 00 00 70 32 
ID:0x182 [5] 6A 30 29 C4 00 
ID:0x303 [8] 1A 30 00 00 00 00 04 01 
ID:0x30E [8] 8C D8 8D 41 8D 04 00 00 
ID:0x30C [8] 00 00 00 00 00 00 00 00 
ID:0x310 [8] 00 0A 80 70 04 80 7A 01 
ID:0x311 [8] 80 7A 80 7A 80 7A 80 70 
ID:0x303 [8] 1B 30 00 00 00 00 04 01 
ID:0x312 [8] 80 7A 80 70 80 7A 80 70 
ID:0x110 [8] 30 00 00 01 00 00 00 00 
ID:0x402 [1] 00 
ID:0x10F [8] 19 00 00 00 00 00 00 00 
ID:0x10C [8] 20 00 00 70 32 00 00 00 
ID:0x309 [8] 11 00 8D 4E FF FD FF FC 
ID:0x314 [8] 80 7A 80 7A 80 7A 80 70 
ID:0x31A [8] 80 70 80 7A 80 7A 80 7A 
ID:0x301 [8] 92 18 03 52 00 FA 64 00 
ID:0x400 [8] 10 02 00 FF 22 12 23 00 
ID:0x101 [3] 11 10 01 
ID:0x189 [2] 00 00 
ID:0x303 [8] 1C 30 00 00 00 00 04 01 
ID:0x30E [8] 8C DE 8D 41 8D 03 00 00 
ID:0x10F [8] 1A 00 00 00 00 00 00 00 
ID:0x202 [6] 00 00 00 00 00 00 
ID:0x303 [8] 1D 30 00 00 00 00 04 01 
ID:0x309 [8] 11 00 8D 4A FF FD FF FD 
ID:0x30C [8] 00 00 00 00 00 00 00 00 
ID:0x303 [8] 1E 30 00 00 00 00 04 01 
ID:0x30E [8] 8C E2 8D 42 8D 04 00 00 
ID:0x310 [8] 00 14 80 66 06 80 7A 01 
ID:0x311 [8] 80 7A 80 7A 80 70 80 7A 
ID:0x309 [8] 11 00 8D 49 FF FD FF FC 
ID:0x312 [8] 80 70 80 66 80 66 80 70 
ID:0x402 [1] 00 
ID:0x10F [8] 1B 00 00 00 00 00 00 00 
ID:0x10C [8] 20 00 00 70 32 00 00 00 
ID:0x314 [8] 80 70 80 70 80 70 80 70 
ID:0x31A [8] 80 70 80 70 80 70 80 70 
ID:0x303 [8] 1F 30 00 00 00 00 04 01 
ID:0x110 [8] 30 00 00 01 00 00 00 00 
ID:0x303 [8] 10 30 00 00 00 00 04 01 
ID:0x208 [8] 00 01 01 70 00 00 70 32 
ID:0x30E [8] 8C D6 8D 42 8D 04 00 00 
ID:0x200 [8] 0C 00 2C 30 00 00 00 00 
ID:0x10F [8] 1C 00 00 00 00 00 00 00 
ID:0x202 [6] 00 00 00 00 00 00 
ID:0x309 [8] 11 00 8D 4A FF FD FF FD 
ID:0x182 [5] 6A 30 29 C5 00 
ID:0x30C [8] 00 00 00 00 00 00 00 00 
ID:0x303 [8] 11 30 00 00 00 00 04 01 
ID:0x310 [8] 00 0A 80 70 03 80 7A 01 
ID:0x311 [8] 80 7A 80 7A 80 70 80 70 
ID:0x312 [8] 80 7A 80 7A 80 70 80 70 
ID:0x10F [8] 1D 00 00 00 00 00 00 00 
ID:0x10C [8] 20 00 00 70 32 00 00 00 
ID:0x402 [1] 00 
ID:0x314 [8] 80 7A 80 70 80 70 80 70 
ID:0x303 [8] 12 30 00 00 00 00 04 01 
ID:0x110 [8] 30 00 00 01 00 00 00 00 
ID:0x30E [8] 8C D7 8D 3E 8C FF 00 00 
ID:0x31A [8] 80 70 80 7A 80 70 80 70 
ID:0x31B [8] 80 7A 80 7A 00 00 00 00 
ID:0x301 [8] 92 18 03 52 00 FA 64 00 
ID:0x101 [3] 11 10 01 
ID:0x400 [8] 10 02 00 FF 22 12 23 00 
ID:0x309 [8] 11 00 8D 4C FF FD FF FD 
ID:0x303 [8] 13 30 00 00 00 00 04 01 
ID:0x208 [8] 00 02 01 70 00 00 70 32 
ID:0x309 [8] 11 00 8D 49 FF FD FF FD 
ID:0x10F [8] 1E 00 00 00 00 00 00 00 
ID:0x202 [6] 00 00 00 00 00 00 
ID:0x303 [8] 14 30 00 00 00 00 04 01 
ID:0x30E [8] 8C DA 8D 3E 8C FF 00 00 
ID:0x208 [8] 00 01 01 70 00 00 70 32 
ID:0x30C [8] 00 00 00 00 00 00 00 00 
ID:0x310 [8] 00 1E 80 66 11 80 84 13 
ID:0x311 [8] 80 7A 80 70 80 70 80 7A 
ID:0x303 [8] 15 30 00 00 00 00 04 01 
ID:0x110 [8] 30 00 00 01 00 00 00 00 
ID:0x313 [8] 80 7A 80 70 80 70 80 70 
ID:0x10F [8] 1F 00 00 00 00 00 00 00 
ID:0x10C [8] 20 00 00 70 32 00 00 00 
ID:0x309 [8] 11 00 8D 4E FF FD FF FD 
ID:0x314 [8] 80 70 80 7A 80 7A 80 70 
ID:0x402 [1] 00 
ID:0x31A [8] 80 66 80 7A 80 84 80 7A 
ID:0x303 [8] 16 30 00 00 00 00 04 01 
ID:0x30E [8] 8C DF 8D 40 8C FF 00 00 
ID:0x200 [8] 0C 00 2C 30 00 00 00 00 
ID:0x10F [8] 10 00 00 00 00 00 00 00 
ID:0x303 [8] 17 30 00 00 00 00 04 01 
ID:0x202 [6] 00 00 00 00 00 00 
ID:0x182 [5] 6A 30 29 C6 00 
ID:0x309 [8] 11 00 8D 4D FF FD FF FD 
ID:0x30C [8] 00 00 00 00 00 00 00 00 
ID:0x303 [8] 18 30 00 00 00 00 04 01 
ID:0x30E [8] 8C E3 8D 41 8C FE 00 00 
ID:0x310 [8] 00 14 80 66 0A 80 7A 01 
ID:0x311 [8] 80 7A 80 7A 80 70 80 7A 
ID:0x309 [8] 11 00 8D 4C FF FD FF FE 
ID:0x312 [8] 80 7A 80 70 80 70 80 70 
ID:0x313 [8] 80 70 80 66 80 70 80 66 
ID:0x10F [8] 11 00 00 00 00 00 00 00 
ID:0x10C [8] 20 00 00 70 32 00 00 00 
ID:0x314 [8] 80 7A 80 7A 80 7A 80 7A 
ID:0x31A [8] 80 70 80 70 80 7A 80 70 
ID:0x301 [8] 92 18 03 52 00 FA 64 00 
ID:0x31B [8] 80 7A 80 70 00 00 00 00 
ID:0x101 [3] 11 10 01 
ID:0x303 [8] 19 30 00 00 00 00 04 01 
ID:0x402 [1] 00 
ID:0x110 [8] 30 00 00 01 00 00 00 00 
ID:0x400 [8] 10 02 00 FF 22 12 23 00 
ID:0x208 [8] 00 02 01 70 00 00 70 32 
ID:0x303 [8] 1A 30 00 00 00 00 04 01 
ID:0x30E [8] 8C E7 8D 42 8C FE 00 00 
ID:0x10F [8] 12 00 00 00 00 00 00 00 
ID:0x309 [8] 11 00 8D 4B FF FD FF FD 
ID:0x202 [6] 00 00 00 00 00 00 
ID:0x30C [8] 00 00 00 00 00 00 00 00 
ID:0x303 [8] 1B 30 00 00 00 00 04 01 
ID:0x310 [8] 00 14 80 66 0A 80 7A 01 
ID:0x208 [8] 00 01 01 70 00 00 70 32 
ID:0x311 [8] 80 7A 80 7A 80 70 80 70 
ID:0x312 [8] 80 70 80 70 80 70 80 70 
ID:0x313 [8] 80 70 80 66 80 70 80 70 
ID:0x10F [8] 13 00 00 00 00 00 00 00 
ID:0x10C [8] 20 00 00 70 32 00 00 00 
ID:0x314 [8] 80 7A 80 7A 80 7A 80 70 
ID:0x303 [8] 1C 30 00 00 00 00 04 01 
ID:0x402 [1] 00 
ID:0x110 [8] 30 00 00 01 00 00 00 00 
ID:0x30E [8] 8C EA 8D 40 8C FB 00 00 
ID:0x31A [8] 80 66 80 70 80 7A 80 70 
ID:0x309 [8] 11 00 8D 4A FF FD FF FE 
ID:0x303 [8] 1D 30 00 00 00 00 04 01 
ID:0x309 [8] 11 00 8D 4C FF FD 00 00 
ID:0x10F [8] 14 00 00 00 00 00 00 00 
ID:0x182 [5] 6A 30 29 C7 00 
ID:0x303 [8] 1E 30 00 00 00 00 04 01 
ID:0x30E [8] 8C EF 8D 40 8C FD 00 00 
ID:0x30C [8] 00 00 00 00 00 00 00 00 
ID:0x310 [8] 00 1E 80 66 07 80 84 0D 
ID:0x311 [8] 80 7A 80 7A 80 7A 80 7A 
ID:0x303 [8] 1F 30 00 00 00 00 04 01 
ID:0x312 [8] 80 7A 80 70 80 66 80 66 
ID:0x110 [8] 30 00 00 01 00 00 00 00 
ID:0x313 [8] 80 70 80 70 80 70 80 7A 
ID:0x10F [8] 15 00 00 00 00 00 00 00 
ID:0x10C [8] 20 00 00 70 32 00 00 00 
ID:0x309 [8] 11 00 8D 4D FF FE FF FF 
ID:0x314 [8] 80 84 80 70 80 7A 80 7A 
ID:0x31A [8] 80 66 80 7A 80 7A 80 70 
ID:0x31B [8] 80 7A 80 70 00 01 00 00 
ID:0x301 [8] 92 18 03 52 00 FA 64 00 
ID:0x101 [3] 11 10 01 
ID:0x303 [8] 10 30 00 00 00 00 04 01 
ID:0x30E [8] 8C F3 8D 41 8C FD 00 00 
ID:0x10F [8] 16 00 00 00 00 00 00 00 
ID:0x303 [8] 11 30 00 00 00 00 04 01 
ID:0x309 [8] 11 00 8D 4D FF FE 00 00 
ID:0x30C [8] 00 00 00 00 00 00 00 00 
ID:0x303 [8] 12 30 00 00 00 00 04 01 
ID:0x30E [8] 8C F9 8D 42 8C FF 00 00 
ID:0x310 [8] 00 1E 80 66 07 80 84 01 
ID:0x311 [8] 80 84 80 7A 80 7A 80 70 
ID:0x309 [8] 11 00 8D 4E FF FE 00 00 
ID:0x312 [8] 80 7A 80 70 80 66 80 70 
ID:0x313 [8] 80 70 80 70 80 70 80 70 
ID:0x10F [8] 17 00 00 00 00 00 00 00 
ID:0x10C [8] 20 00 00 70 32 00 00 00 
ID:0x314 [8] 80 7A 80 7A 80 84 80 70 
ID:0x31A [8] 80 70 80 7A 80 7A 80 70 
ID:0x31B [8] 80 7A 80 7A 00 00 00 00 
ID:0x303 [8] 13 30 00 00 00 00 04 01 
ID:0x110 [8] 00 00 00 01 00 00 00 00 
ID:0x303 [8] 14 30 00 00 00 00 04 01 
ID:0x30E [8] 8C FB 8D 44 8C FF 00 00 
ID:0x10F [8] 08 00 00 00 00 00 00 00 
ID:0x309 [8] 11 00 8D 4E FF FF FF FF 
ID:0x182 [5] 6A 30 29 C8 00 
ID:0x30C [8] 00 00 00 00 00 00 00 00 
ID:0x303 [8] 05 30 00 00 00 00 04 01 
ID:0x310 [8] 00 14 80 66 07 80 7A 01 
ID:0x311 [8] 80 7A 80 7A 80 70 80 7A 
ID:0x312 [8] 80 70 80 70 80 66 80 70 
ID:0x10F [8] 09 00 00 00 00 00 00 00 
ID:0x10C [8] 20 00 00 70 32 00 00 00 
ID:0x314 [8] 80 7A 80 7A 80 70 80 70 
ID:0x303 [8] 06 30 00 00 00 00 04 01 
ID:0x110 [8] 00 00 00 01 00 00 00 00 
ID:0x30E [8] 8C FB 8D 41 8C FC 00 00 
ID:0x31A [8] 80 70 80 7A 80 7A 80 7A 
ID:0x31B [8] 80 7A 80 70 00 00 00 00 
ID:0x301 [8] 92 18 03 52 00 FA 64 00 
ID:0x101 [3] 11 10 01 
ID:0x309 [8] 11 00 8D 4C FF FF 00 00 
ID:0x303 [8] 07 30 00 00 00 00 04 01 
ID:0x10F [8] 0A 00 00 00 00 00 00 00 
ID:0x303 [8] 08 30 00 00 00 00 04 01 
ID:0x30E [8] 8C FE 8D 43 8C FD 00 00 
ID:0x30C [8] 00 00 00 00 00 00 00 00 
ID:0x310 [8] 00 1E 80 66 06 80 84 0D 
ID:0x100 [8] 10 00 11 1A 00 00 00 00 
ID:0x303 [8] 09 30 00 00 00 00 04 01 
ID:0x312 [8] 80 7A 80 66 80 66 80 70 
ID:0x313 [8] 80 70 80 66 80 70 80 70 
ID:0x10F [8] 0B 00 00 00 00 00 00 00 
ID:0x10C [8] 20 00 00 70 32 00 00 00 
ID:0x309 [8] 11 00 8D 4D 00 00 00 00 
ID:0x314 [8] 80 84 80 7A 80 84 80 7A 
ID:0x31A [8] 80 70 80 7A 80 7A 80 70 
ID:0x31B [8] 80 7A 80 7A 00 00 00 00 
ID:0x300 [8] 03 52 E1 A1 04 F7 D4 68 
ID:0x303 [8] 0A 30 00 00 00 00 04 01 
ID:0x30E [8] 8C FA 8D 46 8C FD 00 00 
ID:0x110 [8] 00 00 00 01 00 00 00 00 
ID:0x10F [8] 0C 00 00 00 00 00 00 00 
ID:0x303 [8] 0B 30 00 00 00 00 04 01 
ID:0x182 [5] 6A 30 29 C9 00 
ID:0x309 [8] 11 00 8D 4C 00 00 00 00 
ID:0x30C [8] 00 00 00 00 00 00 00 00 
ID:0x303 [8] 0C 30 00 00 00 00 04 01 
ID:0x30E [8] 8C FC 8D 47 8C FE 00 00 
ID:0x310 [8] 00 1E 80 66 09 80 84 0D 
ID:0x311 [8] 80 70 80 7A 80 7A 80 7A 
ID:0x309 [8] 11 00 8D 4D 00 00 00 00 
ID:0x312 [8] 80 7A 80 70 80 70 80 70 
ID:0x313 [8] 80 66 80 70 80 70 80 70 
ID:0x10F [8] 0D 00 00 00 00 00 00 00 
ID:0x10C [8] 20 00 00 70 32 00 00 00 
ID:0x314 [8] 80 84 80 7A 80 7A 80 7A 
ID:0x31A [8] 80 66 80 70 80 7A 80 7A 
ID:0x301 [8] 92 18 03 52 00 FA 64 00 
ID:0x101 [3] 11 10 01 
ID:0x303 [8] 0D 30 00 00 00 00 04 01 
ID:0x303 [8] 0E 30 00 00 00 00 04 01 
ID:0x30E [8] 8D 01 8D 48 8D 00 00 00 
ID:0x10F [8] 0E 00 00 00 00 00 00 00 
ID:0x309 [8] 11 00 8D 50 00 00 FF FF 
ID:0x30C [8] 00 00 00 00 00 00 00 00 
ID:0x303 [8] 0F 30 00 00 00 00 04 01 
ID:0x310 [8] 00 0A 80 70 01 80 7A 02 
ID:0x311 [8] 80 70 80 7A 80 70 80 70 
ID:0x313 [8] 80 70 80 70 80 70 80 70 
ID:0x10F [8] 0F 00 00 00 00 00 00 00 
ID:0x10C [8] 20 00 00 70 32 00 00 00 
ID:0x314 [8] 80 7A 80 7A 80 7A 80 7A 
ID:0x303 [8] 00 30 00 00 00 00 04 01 
ID:0x30E [8] 8C FC 8D 45 8C FD 00 00 
ID:0x31A [8] 80 70 80 7A 80 7A 80 70 
ID:0x309 [8] 11 00 8D 4D 00 00 FF FF 
ID:0x303 [8] 01 30 00 00 00 00 04 01 
ID:0x309 [8] 11 00 8D 50 00 00 00 00 
ID:0x10F [8] 00 00 00 00 00 00 00 00 
ID:0x182 [5] 6A 30 29 CA 00 
ID:0x303 [8] 02 30 00 00 00 00 04 01 
ID:0x30E [8] 8D 01 8D 46 8C FE 00 00 
ID:0x30C [8] 00 00 00 00 00 00 00 00 
ID:0x310 [8] 00 14 80 66 11 80 7A 01 
ID:0x311 [8] 80 7A 80 7A 80 70 80 70 
ID:0x303 [8] 03 30 00 00 00 00 04 01 
ID:0x10F [8] 01 00 00 00 00 00 00 00 
ID:0x10C [8] 20 00 00 70 32 00 00 00 
ID:0x309 [8] 11 00 8D 4C 00 00 00 00 
ID:0x314 [8] 80 7A 80 7A 80 7A 80 70 
ID:0x31A [8] 80 66 80 70 80 7A 80 70 
ID:0x301 [8] 92 18 03 52 00 FA 64 00 
ID:0x101 [3] 11 10 01 
ID:0x303 [8] 04 30 00 00 00 00 04 01 
ID:0x30E [8] 8D 02 8D 47 8C FE 00 00 
ID:0x10F [8] 02 00 00 00 00 00 00 00 
ID:0x303 [8] 05 30 00 00 00 00 04 01 
ID:0x309 [8] 11 00 8D 4D 00 00 00 00 
ID:0x30C [8] 00 00 00 00 00 00 00 00 
ID:0x303 [8] 06 30 00 00 00 00 04 01 
ID:0x30E [8] 8C F5 8D 48 8D 00 00 00 
ID:0x310 [8] 00 1E 80 66 11 80 84 12 
ID:0x311 [8] 80 7A 80 7A 80 70 80 7A 
ID:0x309 [8] 11 00 8D 4E 00 00 00 00 
ID:0x312 [8] 80 70 80 7A 80 70 80 70 
ID:0x313 [8] 80 70 80 70 80 7A 80 70 
ID:0x10F [8] 03 00 00 00 00 00 00 00 
ID:0x10C [8] 20 00 00 70 32 00 00 00 
ID:0x314 [8] 80 7A 80 7A 80 7A 80 7A 
ID:0x31A [8] 80 66 80 84 80 7A 80 7A 
ID:0x31B [8] 80 70 80 70 00 00 00 00 
ID:0x303 [8] 07 30 00 00 00 00 04 01 
ID:0x303 [8] 08 10 00 00 00 00 04 01 
ID:0x30E [8] 8C F9 8D 49 8D 01 00 00 
ID:0x10F [8] 04 00 00 00 00 00 00 00 
ID:0x309 [8] 00 01 8D 50 00 00 00 00 
ID:0x326 [8] 00 00 00 00 00 00 00 00 
ID:0x002 [3] 06 01 30 
ID:0x006 [8] 02 10 0D 31 00 23 00 01 
ID:0x002 [4] 06 30 00 01 
ID:0x006 [8] 02 21 38 20 08 61 0C 12 
ID:0x182 [5] 6A 30 29 CB 00 
ID:0x006 [4] 02 22 86 CB 
ID:0x002 [3] 06 01 32 
ID:0x006 [8] 02 10 31 33 C7 48 57 E9 
ID:0x002 [4] 06 30 00 01 
ID:0x006 [8] 02 21 19 E0 BC B8 B8 4B 
ID:0x006 [8] 02 22 09 72 7E DA D0 E8 
ID:0x006 [8] 02 23 BD 68 37 0C 38 24 
ID:0x006 [8] 02 24 AB C7 A0 85 65 2D 
ID:0x006 [8] 02 25 B9 3A F9 59 A0 B1 
ID:0x006 [8] 02 26 A3 B0 7C BA 7F 93 
ID:0x006 [8] 02 27 93 1F 12 7F F0 46 
ID:0x006 [4] 02 28 7F 10 
ID:0x006 [8] 02 10 13 34 40 C5 64 46 
ID:0x006 [8] 02 21 0A A0 2E 98 1A E7 
ID:0x006 [8] 02 22 F5 2F 1D 54 82 A3 
ID:0x006 [4] 02 23 44 3D 
ID:0x10F [8] 05 00 00 00 00 00 00 00 
ID:0x10F [8] 06 00 00 00 00 00 00 00 
ID:0x002 [8] 06 10 12 35 59 95 BA 77 
ID:0x006 [4] 02 30 03 01 
ID:0x002 [8] 06 21 1F E6 9A 3C 78 C4 
ID:0x002 [8] 06 22 14 E4 99 EC A6 AE 
ID:0x002 [3] 06 23 01 
ID:0x006 [8] 02 10 12 36 A5 C9 EC 48 
ID:0x002 [4] 06 30 00 01 
ID:0x006 [8] 02 21 41 04 46 73 EB BC 
ID:0x006 [8] 02 22 A6 C4 ED 96 62 08 
ID:0x006 [3] 02 23 04 
ID:0x006 [8] 02 10 09 37 C9 CD D0 60 
ID:0x006 [6] 02 21 70 0B C2 1B 
ID:0x002 [4] 06 02 38 01 
ID:0x30C [8] 00 00 00 00 00 00 00 00 
ID:0x303 [8] 09 00 00 00 00 00 04 01 
ID:0x30E [8] 85 CA 85 B8 86 24 00 00 
ID:0x326 [8] 00 00 00 00 00 00 01 00 
ID:0x10F [8] 07 00 00 00 00 00 00 00 
ID:0x10C [8] 20 00 00 70 32 00 00 00 
ID:0x310 [8] 00 14 80 70 05 80 84 0D 
ID:0x110 [8] 00 00 00 01 00 00 00 00 
ID:0x311 [8] 80 7A 80 7A 80 7A 80 7A 
ID:0x312 [8] 80 7A 80 7A 80 70 80 70 
ID:0x313 [8] 80 70 80 66 80 70 80 70 
ID:0x314 [8] 80 84 80 7A 80 7A 80 7A 
ID:0x303 [8] 0A 00 00 00 00 00 04 01 
ID:0x31A [8] 80 70 80 7A 80 7A 80 7A 
ID:0x31B [8] 80 84 80 7A 00 00 00 00 
ID:0x301 [8] 92 18 03 52 00 FA 64 00 
ID:0x303 [8] 0B 00 00 00 00 00 04 01 
ID:0x10F [8] 08 00 00 00 00 00 00 00 
ID:0x30E [8] 86 84 86 58 86 D6 00 00 
ID:0x182 [5] 6A 30 29 CD 00 
ID:0x303 [8] 0C 00 00 00 00 00 04 01 
ID:0x30C [8] 00 00 00 00 00 00 00 00 
ID:0x10F [8] 09 00 00 00 00 00 00 00 
ID:0x10C [8] 20 00 00 70 32 00 00 00 
ID:0x310 [8] 00 14 80 70 06 80 84 0D 
ID:0x303 [8] 0D 00 00 00 00 00 04 01 
ID:0x312 [8] 80 7A 80 70 80 7A 80 70 
ID:0x101 [3] 11 10 01 
ID:0x30E [8] 87 28 86 E3 87 75 00 00 
ID:0x313 [8] 80 70 80 70 80 70 80 70 
ID:0x309 [8] 00 01 8D 4F 00 00 00 00 
ID:0x31A [8] 80 66 80 7A 80 7A 80 7A 
ID:0x110 [8] 00 00 00 01 00 00 00 00 
ID:0x31B [8] 80 7A 80 7A 00 00 00 00 
ID:0x303 [8] 0E 00 00 00 00 00 04 01 
ID:0x10F [8] 0A 00 00 00 00 00 00 00 
ID:0x303 [8] 0F 00 00 00 00 00 04 01 
ID:0x30E [8] 87 BF 87 5D 88 06 00 00 
ID:0x309 [8] 00 01 8D 4F 00 00 FF FF 
ID:0x30C [8] 00 00 00 00 00 00 00 00 
ID:0x303 [8] 00 00 00 00 00 00 04 01 
ID:0x10F [8] 0B 00 00 00 00 00 00 00 
ID:0x10C [8] 20 00 00 70 32 00 00 00 
ID:0x310 [8] 00 1E 80 66 11 80 84 12 
ID:0x110 [8] 00 00 00 01 00 00 00 00 
ID:0x10F [8] 0C 00 00 00 00 00 00 00 
ID:0x182 [5] 6A 30 29 CE 00 
ID:0x10F [8] 0D 00 00 00 00 00 00 00 
ID:0x10F [8] 0E 00 00 00 00 00 00 00 
ID:0x100 [8] 10 00 11 1A 00 00 00 00 
ID:0x10F [8] 0F 00 00 00 00 00 00 00 
ID:0x10F [8] 00 00 00 00 00 00 00 00 
ID:0x182 [5] 6A 30 29 CF 00 
ID:0x10F [8] 01 00 00 00 00 00 00 00 
ID:0x10F [8] 02 00 00 00 00 00 00 00 
ID:0x10F [8] 03 00 00 00 00 00 00 00 
ID:0x10F [8] 04 00 00 00 00 00 00 00 
ID:0x182 [5] 6A 30 29 D0 00 
ID:0x10F [8] 05 00 00 00 00 00 00 00 
ID:0x10F [8] 06 00 00 00 00 00 00 00 
ID:0x10F [8] 07 00 00 00 00 00 00 00 
ID:0x10F [8] 08 00 00 00 00 00 00 00 
ID:0x182 [5] 6A 30 29 D1 00 
ID:0x10F [8] 09 00 00 00 00 00 00 00 
